Price,Close,Close,High,High,Low,Low,Open,Open,Volume,Volume
Ticker,AAPL,TSLA,AAPL,TSLA,AAPL,TSLA,AAPL,TSLA,AAPL,TSLA
Date,,,,,,,,,,
2019-01-02,37.667179107666016,20.674667358398438,37.889005195870084,21.0086669921875,36.7870373619735,19.920000076293945,36.94446185817818,20.406667709350586,148158800,174879000
2019-01-03,33.91524887084961,20.02400016784668,34.757226401323194,20.626667022705078,33.869929368945684,19.825332641601562,34.342199196005986,20.46666717529297,365248800,104478000
2019-01-04,35.36307144165039,21.179332733154297,35.43224447060452,21.200000762939453,34.29927134520694,20.18199920654297,34.473390406461,20.399999618530273,234428400,110911500
2019-01-07,35.284366607666016,22.33066749572754,35.49903742871124,22.44933319091797,34.80016986131174,21.183332443237305,35.46802857200159,21.447999954223633,219111200,113268000
2019-01-08,35.95698928833008,22.356666564941406,36.21220814004065,22.93400001525879,35.425089238657485,21.801332473754883,35.67314912223568,22.797332763671875,164101200,105127500
2019-01-09,36.56760025024414,22.568666458129883,36.858595734256404,22.899999618530273,35.689846005675946,22.097999572753906,36.0857875184234,22.366666793823242,180396400,81493500
2019-01-10,36.68446731567383,22.99799919128418,36.7250153790591,23.025999069213867,35.98321620169645,22.119333267211914,36.37438982207042,22.293333053588867,143122800,90846000
2019-01-11,36.324310302734375,23.150667190551758,36.66062531231102,23.227333068847656,36.138264476061444,22.584667205810547,36.46504026047846,22.805999755859375,108092800,75586500
2019-01-14,35.778099060058594,22.293333053588867,36.0810213178373,22.833332061767578,35.59205323610921,22.266666412353516,35.98084307721351,22.825332641601562,129756800,78709500
2019-01-15,36.5103645324707,22.961999893188477,36.58668926231533,23.253332138061523,35.79003101446399,22.299999237060547,35.8425058585296,22.333332061767578,114843600,90849000
2019-01-16,36.956398010253906,23.06999969482422,37.18060805161077,23.46666717529297,36.49366726780031,22.899999618530273,36.5127493606325,22.985332489013672,122278800,70375500
2019-01-17,37.17582702636719,23.15399932861328,37.60516490547045,23.433332443237305,36.555671907714014,22.94333267211914,36.77988189121995,23.08066749572754,119284800,55150500
2019-01-18,37.40482711791992,20.150667190551758,37.657658539759126,21.808666229248047,37.20446691460804,19.98200035095215,37.567019486821316,21.53333282470703,135004000,362262000
2019-01-22,36.56521987915039,19.92799949645996,37.38334404012299,20.53333282470703,36.40302392903853,19.700000762939453,37.30701931736308,20.321332931518555,121576000,181000500
2019-01-23,36.71310043334961,19.172666549682617,37.00409593671052,19.633333206176758,36.18358426425264,18.779333114624023,36.76795916739868,19.5,92522400,187950000
2019-01-24,36.42210388183594,19.43400001525879,36.84667036346506,19.57866668701172,36.193126087459284,18.618667602539062,36.7584188843341,18.868667602539062,101766000,120183000
2019-01-25,37.629024505615234,19.80266761779785,37.717279639931625,19.90133285522461,36.8085163508175,19.303333282470703,37.085197598121155,19.625999450683594,134142000,108744000
2019-01-28,37.28077697753906,19.7586669921875,37.28793230561794,19.83066749572754,36.65108262984457,19.183332443237305,37.1591291211258,19.527332305908203,104768400,96349500
2019-01-29,36.894378662109375,19.83066749572754,37.71727795602071,19.90399932861328,36.75842376107418,19.453332901000977,37.26885789319794,19.684667587280273,166348800,69325500
2019-01-30,39.4155387878418,20.584667205810547,39.630205924517746,20.600000381469727,38.218164063991175,19.89933204650879,38.93849747119621,20.030000686645508,244439200,168754500
2019-01-31,39.699378967285156,20.468000411987305,40.30999127047661,20.770666122436523,39.25095896483175,19.600000381469727,39.62066671326708,20.066667556762695,162958400,188538000
2019-02-01,39.71845245361328,20.81399917602539,40.30521110805666,21.073333740234375,39.577722529588904,20.233333587646484,39.823402102905106,20.3613338470459,130672400,109251000
2019-02-04,40.84666442871094,20.859333038330078,40.944458776160424,21.020000457763672,39.89973708480651,20.125333786010742,39.9307459363238,20.865333557128906,125982000,110281500
2019-02-05,41.5455322265625,21.42333221435547,41.760203032262986,21.496000289916992,41.10904256466571,20.816667556762695,41.23068680688681,20.832666397094727,144406400,101142000
2019-02-06,41.559844970703125,21.148000717163086,41.877077914727295,21.615999221801758,41.22830136807492,21.041332244873047,41.65763568434292,21.305999755859375,112958400,75577500
2019-02-07,40.77272415161133,20.500667572021484,41.4882861658143,20.979999542236328,40.62961029295609,20.200000762939453,41.120962293716275,20.886667251586914,126966800,97809000
2019-02-08,40.82063674926758,20.386667251586914,40.88052266539931,20.496667861938477,40.34394354100636,19.899999618530273,40.4804851842569,20.455333709716797,95280000,87663000
2019-02-11,40.58586502075195,20.856000900268555,41.01225593503974,21.239999771118164,40.54274893292941,20.700000762939453,40.973928086878736,20.773332595825195,83973600,106945500
2019-02-12,40.93561935424805,20.78733253479004,40.96196930527016,21.21266746520996,40.65056179004875,20.641332626342773,40.74638145519575,21.079999923706055,89134000,82764000
2019-02-13,40.76552963256836,20.544666290283203,41.316480664397695,20.850000381469727,40.70324961006937,20.3713321685791,41.05537900777508,20.823333740234375,89960800,77124000
2019-02-14,40.91405487060547,20.251333236694336,41.02424289927531,20.451332092285156,40.573903336868185,20.066667556762695,40.65295317751181,20.225332260131836,87342800,78012000
2019-02-15,40.823020935058594,20.525333404541016,41.12963645862106,20.53333282470703,40.6625271575021,20.260000228881836,41.021842566846736,20.299999237060547,98507200,58573500
2019-02-19,40.94519805908203,20.375999450683594,41.06736767097215,20.769332885742188,40.60025824207381,20.364667892456055,40.652958142272226,20.437332153320312,75891200,62526000
2019-02-20,41.20869064331055,20.17066764831543,41.51770397489298,20.420000076293945,40.95956687476161,19.933332443237305,41.00747487004267,20.29400062561035,104457600,107131500
2019-02-21,40.97633361816406,19.415332794189453,41.290135195189876,20.215999603271484,40.79428177141705,19.366666793823242,41.153597223916066,20.12066650390625,68998800,133638000
2019-02-22,41.433868408203125,19.6473331451416,41.44105442580746,19.766666412353516,41.05299485458833,19.47333335876465,41.10090285699931,19.632667541503906,75652800,86109000
2019-02-25,41.735687255859375,19.917999267578125,42.12853867814377,20.19333267211914,41.66861532926052,19.799999237060547,41.71892110178259,19.860666275024414,87493600,99397500
2019-02-26,41.759639739990234,19.857332229614258,41.99199734395085,20.134000778198242,41.481768263377155,19.251333236694336,41.6111238651416,19.481332778930664,68280800,128737500
2019-02-27,41.88898468017578,20.982667922973633,41.920126515233484,21.086666107177734,41.3763615649953,20.036666870117188,41.49134511514145,20.118667602539062,111341600,167758500
2019-02-28,41.47698211669922,21.325332641601562,41.89858128590096,21.333332061767578,41.42188809986802,20.720666885375977,41.75725140765541,21.261333465576172,112861600,157810500
2019-03-01,41.91294479370117,19.652666091918945,41.956060888063966,20.475332260131836,41.4146936574631,19.459999084472656,41.74765912168646,20.46266746520996,103544800,343671000
2019-03-04,42.12375259399414,19.02400016784668,42.57888406995493,19.933332443237305,41.67340935935998,18.851999282836914,42.08542473250484,19.874666213989258,109744800,256452000
2019-03-05,42.04709243774414,18.43600082397461,42.1596782345321,18.933332443237305,41.809942931822455,18.00666618347168,42.145306201775455,18.799999237060547,78949600,281470500
2019-03-06,41.80514907836914,18.416000366210938,42.03750665712777,18.767332077026367,41.66621335513186,18.292667388916016,41.8410791554369,18.43199920654297,83241600,155032500
2019-03-07,41.3212776184082,18.439332962036133,41.78599286166465,18.979999542236328,41.2062976954326,18.28333282470703,41.649451233325124,18.589332580566406,99185600,141637500
2019-03-08,41.41949462890625,18.94266700744629,41.45782249127964,19.03933334350586,40.602649880910676,18.392667770385742,40.79907743421472,18.46066665649414,95997600,132294000
2019-03-11,42.8543586730957,19.39466667175293,42.90705856992178,19.41866683959961,42.00398161688953,18.700000762939453,42.03751758258375,18.90133285522461,128044000,110884500
2019-03-12,43.335838317871094,18.890666961669922,43.75743378437187,19.204666137695312,42.96693908643046,18.737333297729492,43.11785274066941,19.099332809448242,129870400,112561500
2019-03-13,43.52748107910156,19.263999938964844,43.908354630123746,19.465999603271484,43.33823953641887,18.84666633605957,43.65683305024534,18.926666259765625,124130000,102670500
2019-03-14,44.0113525390625,19.33066749572754,44.099986172540426,19.69266700744629,43.73108691515278,19.21933364868164,44.05207451978656,19.496667861938477,94318000,106551000
2019-03-15,44.58385467529297,18.36199951171875,44.87370404614222,18.9146671295166,44.01374337983889,18.293333053588867,44.279636928085765,18.900667190551758,156171600,221782500
2019-03-18,45.03899383544922,17.965999603271484,45.127623807917495,18.536666870117188,44.50480891478156,17.81999969482422,44.50720669034818,18.399999618530273,104879200,154215000
2019-03-19,44.68207550048828,17.83133316040039,45.27135447137798,18.219999313354492,44.53595373184279,17.56399917602539,45.11804668584386,17.833332061767578,126585600,177009000
2019-03-20,45.072540283203125,18.239999771118164,45.39113382030039,18.33133316040039,44.25090354960564,17.753332138061523,44.61021907420678,17.979333877563477,124140800,103623000
2019-03-21,46.7325553894043,18.26799964904785,47.02959073965409,18.43000030517578,45.46776559986472,17.89666748046875,45.51807135911517,18.17333221435547,204136800,89206500
2019-03-22,45.76481246948242,17.635332107543945,47.35538206911971,18.18666648864746,45.70013466420761,17.600000381469727,46.79245306146932,18.172000885009766,169630800,131184000
2019-03-25,45.211463928222656,17.3613338470459,45.9875829138425,17.545333862304688,44.69884073019582,16.964000701904297,45.87499712059471,17.31399917602539,175381200,153225000
2019-03-26,44.74435043334961,17.851333618164062,46.20317383299277,18.017332077026367,44.21496108876492,17.6286678314209,45.91093032900251,17.62933349609375,199202000,110263500
2019-03-27,45.14678955078125,18.32200050354004,45.455799234199034,18.357999801635742,44.68686620643027,17.8786678314209,45.21386147671915,17.916667938232422,119393600,131688000
2019-03-28,45.20668411254883,18.57466697692871,45.4078999288751,18.68866729736328,44.92162654518001,18.34000015258789,45.26177813615439,18.477333068847656,83121600,101611500
2019-03-29,45.50130844116211,18.657333374023438,45.53245028041847,18.67733383178711,45.16355107046687,18.299999237060547,45.47256437732267,18.579999923706055,94256000,89869500
2019-04-01,45.810325622558594,19.278667449951172,45.91572175059921,19.280000686645508,45.12523068699291,18.75200080871582,45.906141613557615,18.841333389282227,111448000,121656000
2019-04-02,46.476253509521484,19.058666229248047,46.581653285633685,19.29599952697754,45.764808675909656,18.92533302307129,45.77438881230826,19.219999313354492,91062800,82183500
2019-04-03,46.79484939575195,19.45400047302246,47.07032310709396,19.744667053222656,46.26785048773917,19.14466667175293,46.29180631270182,19.154666900634766,93087200,118791000
2019-04-04,46.87629318237305,17.851999282836914,47.03918109506206,18.079999923706055,46.26545619949787,17.37266731262207,46.660701723928206,17.459333419799805,76457200,355810500
2019-04-05,47.190093994140625,18.33066749572754,47.21404981863245,18.406667709350586,46.93378056163148,17.74066734313965,47.058344269726845,17.99066734313965,74106400,195574500
2019-04-08,47.932674407958984,18.213333129882812,47.963812589541575,18.743999481201172,47.03198815923786,18.029333114624023,47.05115208528992,18.512666702270508,103526800,156156000
2019-04-09,47.7889518737793,18.15399932861328,48.591424457527545,18.333332061767578,47.724274073366516,17.974000930786133,47.985379395349405,18.110000610351562,143072800,88560000
2019-04-10,48.05723571777344,18.40399932861328,48.08598343518573,18.558666229248047,47.472748750708625,18.19266700744629,47.59252055034829,18.44933319091797,86781200,105919500
2019-04-11,47.657203674316406,17.89466667175293,48.14826883877584,18.03333282470703,47.535037740876426,17.706666946411133,48.11233875692457,17.886667251586914,83603200,147538500
2019-04-12,47.63802719116211,17.84666633605957,47.942248539529594,18.1299991607666,47.00084409166598,17.788667678833008,47.7170770055479,18.014667510986328,111042800,101190000
2019-04-15,47.72426986694336,17.7586669921875,47.87278938276906,17.92533302307129,47.432026385823875,17.242000579833984,47.568567990755454,17.908666610717773,70146400,150579000
2019-04-16,47.72907257080078,18.224000930786133,48.23690394243434,18.333332061767578,47.56378686640977,17.648000717163086,47.77937834588998,17.71666717529297,102785600,109093500
2019-04-17,48.65850830078125,18.082000732421875,48.71839422005848,18.319332122802734,47.57576985680794,17.902666091918945,47.79854372204894,18.316667556762695,115627200,76897500
2019-04-18,48.8333740234375,18.21733283996582,48.90284008133807,18.32266616821289,48.51238637425505,17.983333587646484,48.65611038702582,18.082000732421875,96783200,88144500
2019-04-22,48.993865966796875,17.516666412353516,49.0920797475976,17.978666305541992,48.469264750732734,17.498666763305664,48.58664246352967,17.933332443237305,77758000,182206500
2019-04-23,49.70051574707031,17.593332290649414,49.76519355636063,17.706666946411133,48.84294903681971,17.049999237060547,48.96990687959393,17.343332290649414,93292000,164158500
2019-04-24,49.623863220214844,17.243999481201172,49.94005893632176,17.687999725341797,49.597513272610435,17.200000762939453,49.67177121900122,17.59000015258789,70162400,160912500
2019-04-25,49.17350769042969,16.5086669921875,49.76757476810678,17.266666412353516,49.135179838929204,16.404666900634766,49.544800984657286,17.0,74172800,327741000
2019-04-26,48.93876647949219,15.675999641418457,49.10644629679352,16.44533348083496,48.41655944258701,15.408666610717773,49.08249047068796,16.433332443237305,74596400,335410500
2019-04-29,49.01303482055664,16.097999572753906,49.33881438691361,16.26533317565918,48.83337705209096,15.477999687194824,48.962729037121726,15.723999977111816,88818800,250717500
2019-04-30,48.0692253112793,15.912667274475098,48.72317847280483,16.28066635131836,47.69553779040756,15.800000190734863,48.64173450649097,16.137332916259766,186139600,141969000
2019-05-01,50.42872619628906,15.600666999816895,51.57613857993993,16.0,50.11971286557231,15.433333396911621,50.27541841873172,15.923333168029785,259309200,160566000
2019-05-02,50.10053634643555,16.273332595825195,50.93893884382846,16.475332260131836,49.856204536042455,15.847999572753906,50.265821995030464,16.368000030517578,127985200,272389500
2019-05-03,50.72336959838867,17.00200080871582,50.744927650380774,17.107332229614258,50.35926221466652,16.232667922973633,50.517361906234235,16.257333755493164,83569600,355602000
2019-05-06,49.9400634765625,17.022666931152344,50.02629934427642,17.22333335876465,48.74713701914192,16.566667556762695,48.93637491085356,16.667999267578125,129772400,162508500
2019-05-07,48.59382247924805,16.470666885375977,49.6861408820944,17.1473331451416,48.107549187236586,16.34000015258789,49.3172452883824,17.1200008392334,155054800,151971000
2019-05-08,48.6033935546875,16.32266616821289,49.187880506395196,16.706666946411133,48.32791988481231,16.280000686645508,48.36384996170206,16.46266746520996,105358000,92646000
2019-05-09,48.081199645996094,16.131999969482422,48.311159493192925,16.245332717895508,47.108653053779015,15.795999526977539,48.004543926833236,16.133333206176758,139634400,100671000
2019-05-10,47.41510772705078,15.968000411987305,47.81668937591435,16.132667541503906,46.35465492765193,15.73466682434082,47.47282091670573,15.983332633972168,164834800,105124500
2019-05-13,44.65937042236328,15.133999824523926,45.5635217596621,15.498000144958496,43.96923379622501,14.966667175292969,45.13789934696811,15.46733283996582,229722400,162522000
2019-05-14,45.36634063720703,15.487333297729492,45.61642379613462,15.633333206176758,44.58482572037819,15.199999809265137,44.82529184863322,15.286666870117188,146118800,108786000
2019-05-15,45.909786224365234,15.463333129882812,46.109373522683946,15.496000289916992,44.731503831500206,15.016667366027832,44.79162035499784,15.288000106811523,106178800,109440000
2019-05-16,45.70779800415039,15.222000122070312,46.282511852423546,15.399999618530273,45.40961871090756,15.100000381469727,45.66691920631592,15.299332618713379,132125600,112249500
2019-05-17,45.44809341430664,14.0686674118042,45.9049775417883,14.815999984741211,44.9094480232914,13.928000450134277,44.950326820447415,14.797332763671875,131516400,266800500
2019-05-20,44.026939392089844,13.690667152404785,44.329929040318554,13.733332633972168,43.35123020710624,13.016667366027832,44.13034172783792,13.520000457763672,154449200,307893000
2019-05-21,44.87097930908203,13.67199993133545,45.20763040826336,13.826666831970215,44.414091481082465,13.06933307647705,44.53913489044487,13.184000015258789,113459200,270058500
2019-05-22,43.95238494873047,12.84866714477539,44.656952393216386,13.595999717712402,43.897078783828,12.785332679748535,44.4044623032918,13.273332595825195,118994400,280278000
2019-05-23,43.20214080810547,13.03266716003418,43.41374848300139,13.29800033569336,42.7572770512826,12.414667129516602,43.23580591564947,12.956000328063965,146118800,398206500
2019-05-24,43.036216735839844,12.708666801452637,43.79849380641274,13.331999778747559,42.95205213603526,12.583333015441895,43.33198900132276,13.321999549865723,94858800,212049000
2019-05-28,42.8582763671875,12.579999923706055,43.42577656810654,13.0,42.78132911529811,12.523332595825195,43.02419858026453,12.74666690826416,111792800,154693500
2019-05-29,42.65387725830078,12.657333374023438,43.12759576068828,12.826000213623047,42.32203287185921,12.336000442504883,42.42302819181503,12.473333358764648,113924800,179529000
2019-05-30,42.87511444091797,12.54800033569336,43.098746194820755,12.817333221435547,42.4831534499271,12.468000411987305,42.790949822373925,12.583333015441895,84873600,118897500
2019-05-31,42.09840393066406,12.343999862670898,42.800564536423366,12.661333084106445,42.07916620142415,12.273332595825195,42.37734183158862,12.34000015258789,108174400,156100500
2019-06-03,41.67277526855469,11.9313325881958,42.78372746053402,12.445332527160645,40.94416328950052,11.799332618713379,42.22584802449842,12.36733341217041,161584400,195966000
2019-06-04,43.19733428955078,12.90666675567627,43.24302344010268,12.932000160217285,41.96614891107454,11.973999977111816,42.187377304443125,12.073332786560059,123872000,207112500
2019-06-05,43.894676208496094,13.105999946594238,44.48382103423259,13.41866683959961,43.55802516740766,12.789999961853027,44.31308850460986,13.245332717895508,119093600,202662000
2019-06-06,44.539127349853516,13.729999542236328,44.59924386947385,14.066666603088379,43.80089472768961,13.453332901000977,44.02453008867227,13.629332542419434,90105200,303633000
2019-06-07,45.72462463378906,13.633333206176758,46.15025063198151,14.055999755859375,44.67138567566746,13.566666603088379,44.84932823041656,13.666666984558105,122737600,240052500
2019-06-10,46.308963775634766,14.192000389099121,46.97986260621601,14.462667465209961,46.07811469621767,13.934000015258789,46.12380384406638,14.016667366027832,104883600,158775000
2019-06-11,46.8452033996582,14.473333358764648,47.13135866433859,14.726667404174805,46.554241454504776,14.233332633972168,46.85722743928427,14.609333038330078,107731600,174802500
2019-06-12,46.69611740112305,13.950667381286621,47.12414681008803,14.892000198364258,46.50374376727745,13.933333396911621,46.63840421020281,14.863332748413086,73012800,227962500
2019-06-13,46.686492919921875,14.260666847229004,47.32132329173808,14.326666831970215,46.55423949726058,13.833999633789062,46.818750011804745,14.025333404541016,86698400,122524500
2019-06-14,46.347442626953125,14.32800006866455,46.55183663331729,14.44333267211914,45.760704690148856,14.026666641235352,46.06128734882138,14.083333015441895,75046000,111501000
2019-06-17,46.62397766113281,15.001999855041504,46.88127818069889,15.133333206176758,46.210375625217466,14.284667015075684,46.38591487221651,14.36533260345459,58676400,184752000
2019-06-18,47.72049331665039,14.982666969299316,48.16295002763674,15.649333000183105,46.94138555800512,14.837332725524902,47.14337618660047,15.248000144958496,106204000,190737000
2019-06-19,47.58102798461914,15.095333099365234,48.06436721374744,15.184666633605957,47.44636755017082,14.737333297729492,48.016271056397336,15.007332801818848,84496800,98626500
2019-06-20,47.96337127685547,14.641332626342773,48.23990583198723,15.126667022705078,47.61950283613574,14.423333168029785,48.18219264543537,14.866666793823242,86056000,177952500
2019-06-21,47.79985046386719,14.790666580200195,48.297617045839175,14.812000274658203,47.64835564861981,14.366666793823242,47.80466081318877,14.414667129516602,191202400,123031500
2019-06-24,47.751766204833984,14.909333229064941,48.131703143821035,15.057332992553711,47.65317420747451,14.73466682434082,47.74214550453341,14.88266658782959,72881600,86262000
2019-06-25,47.027957916259766,14.650667190551758,47.915274761567105,15.022666931152344,46.960624031175655,14.63266658782959,47.715687454109734,14.959333419799805,84281200,92731500
2019-06-26,48.045135498046875,14.618000030517578,48.33129079167597,15.148667335510254,47.455994188986914,14.539999961853027,47.55698952746387,14.687333106994629,104270000,127608000
2019-06-27,48.03070068359375,14.855999946594238,48.47075409192723,14.859999656677246,47.989821886433354,14.489999771118164,48.16295410472733,14.630000114440918,83598800,95095500
2019-06-28,47.59304428100586,14.897333145141602,47.97298111308519,15.011333465576172,47.38383997361081,14.720000267028809,47.775797173850414,14.732666969299316,124442400,102771000
2019-07-01,48.465938568115234,15.14466667175293,49.17290942178827,15.539999961853027,48.24951689721592,15.085332870483398,48.8554924388244,15.347332954406738,109012000,123201000
2019-07-02,48.749691009521484,14.970000267028809,48.84587965023338,15.276666641235352,48.420253629484236,14.814666748046875,48.43227766822591,15.259332656860352,67740800,138885000
2019-07-03,49.1536750793457,15.65999984741211,49.160888768616864,16.10466766357422,48.74007310476587,15.633999824523926,48.88194721939393,15.959333419799805,45448000,213016500
2019-07-05,49.11039352416992,15.539999961853027,49.3147911891304,15.696666717529297,48.79057315166156,15.386667251586914,48.898785838535765,15.637999534606934,69062000,105985500
2019-07-08,48.0980339050293,15.355999946594238,48.42987465249001,15.483332633972168,47.710883308640334,15.244000434875488,48.288000523615125,15.416000366210938,101354400,88207500
2019-07-09,48.39139938354492,15.337332725524902,48.45632258883776,15.399999618530273,47.807064851358824,15.152000427246094,47.9008464837811,15.264666557312012,82312000,92862000
2019-07-10,48.86992645263672,15.928000450134277,48.990159507500714,15.929332733154297,48.468348489697576,15.542667388916016,48.538085716282815,15.609999656677246,71588400,137185500
2019-07-11,48.5140380859375,15.90666675567627,49.148868474716956,16.100000381469727,48.504421055917035,15.720000267028809,48.88916463350422,15.87600040435791,80767200,112716000
2019-07-12,48.88676452636719,16.338666915893555,49.05509008201993,16.358667373657227,48.622250318040074,15.980667114257812,48.68236685000333,15.983332633972168,70380800,138007500
2019-07-15,49.34605026245117,16.899999618530273,49.50475510070153,16.961332321166992,49.05508466541941,16.323999404907227,49.07672573392334,16.53333282470703,67789600,165001500
2019-07-16,49.1753044128418,16.825332641601562,49.56245487797089,16.902000427246094,48.934838376593184,16.528667449951172,49.19694547549125,16.6200008392334,67467200,122235000
2019-07-17,48.898773193359375,16.99066734313965,49.317181775978504,17.220666885375977,48.87953546887263,16.889999389648438,49.0670986960924,17.044666290283203,56430000,146470500
2019-07-18,49.454261779785156,16.902666091918945,49.50716461828943,17.049999237060547,48.982946582898464,16.792667388916016,49.05508715078808,17.003332138061523,74162400,71379000
2019-07-19,48.716026306152344,17.211999893188477,49.65624963752938,17.33066749572754,48.660720130548256,16.974666595458984,49.4855170921148,17.04599952697754,83717200,105726000
2019-07-22,49.82938766479492,17.045333862304688,49.83179100497788,17.476667404174805,48.961304859932056,16.945999145507812,48.97092188988554,17.25,89111600,102636000
2019-07-23,50.21894073486328,17.344667434692383,50.23577512352253,17.365333557128906,49.84621753643369,16.96666717529297,50.12756610958403,17.11400032043457,73420800,75346500
2019-07-24,50.17806625366211,17.658666610717773,50.29348896717759,17.738000869750977,49.81736706335707,17.21066665649414,49.93760012679208,17.277999877929688,59966400,166092000
2019-07-25,49.78131103515625,15.254667282104492,50.31514626356635,15.633333206176758,49.71157378619644,15.036666870117188,50.23098163046943,15.566666603088379,55638400,336274500
2019-07-26,49.95442581176758,15.202667236328125,50.43295097254841,15.350666999816895,49.81014469309944,14.816666603088379,49.89190228137479,15.128000259399414,70475600,150415500
2019-07-29,50.420921325683594,15.718000411987305,50.65177035602895,15.72933292388916,50.12274576179605,15.0686674118042,50.127556110342226,15.13933277130127,86693600,139099500
2019-07-30,50.20451354980469,16.150667190551758,50.53635795177346,16.224000930786133,49.8510280788088,15.478667259216309,50.199703200280354,15.526666641235352,135742800,121635000
2019-07-31,51.22890090942383,16.107332229614258,53.231984141806734,16.44533348083496,50.81049220631971,15.776666641235352,52.04167757423722,16.200000762939453,277125600,137673000
2019-08-01,50.1203498840332,15.59000015258789,52.428826023287826,16.30066680908203,49.713965237539156,15.451333045959473,51.43569980814029,16.176666259765625,216071600,123892500
2019-08-02,49.059898376464844,15.62266731262207,49.63941893170146,15.751333236694336,48.485184501744115,15.281999588012695,49.4230008933899,15.423333168029785,163448400,92047500
2019-08-05,46.4917106628418,15.221332550048828,47.76858495057631,15.424667358398438,46.30895776439126,15.052000045776367,47.6098801276261,15.30666732788086,209572000,105424500
2019-08-06,47.371822357177734,15.383333206176758,47.629122848973516,15.5,46.66004107684591,15.050000190734863,47.205900158800496,15.458666801452637,143299200,83463000
2019-08-07,47.862369537353516,15.561332702636719,47.987412933098355,15.571332931518555,46.607139907548586,15.053333282470703,46.989480114814164,15.100000381469727,133457600,71647500
2019-08-08,48.91802215576172,15.886667251586914,48.94207023600368,15.986666679382324,47.9465406230698,15.510000228881836,48.14131759767527,15.630000114440918,108038000,79114500
2019-08-09,48.51491928100586,15.667332649230957,48.94215880426404,15.93066692352295,48.104570742537604,15.587332725524902,48.589746417288495,15.736666679382324,98478800,58473000
2019-08-12,48.391815185546875,15.267333030700684,48.77078319179525,15.718000411987305,48.07077964995006,15.25,48.1842284363325,15.53266716003418,89927600,69958500
2019-08-13,50.44112777709961,15.666666984558105,51.20630115968512,15.733332633972168,48.39181232795686,15.170000076293945,48.52215945843499,15.253999710083008,188874000,72721500
2019-08-14,48.93975067138672,14.641332626342773,49.830442653923,15.433333396911621,48.90112902240945,14.446000099182129,49.03871726570479,15.413999557495117,146189600,143439000
2019-08-15,48.69595718383789,14.37600040435791,49.5166469464052,14.77066707611084,48.196299281162744,14.103333473205566,49.11113069191211,14.723999977111816,108909600,122394000
2019-08-16,49.84491729736328,14.662667274475098,50.00422881287805,14.815999984741211,49.20284629228568,14.40133285522461,49.30905396929552,14.444000244140625,110481600,76477500
2019-08-19,50.77422332763672,15.121999740600586,51.34870453125578,15.188667297363281,50.69698005273818,14.779999732971191,50.83939319727503,14.947333335876465,97654400,79644000
2019-08-20,50.77663803100586,15.057332992553711,51.49836471952366,15.272666931152344,50.766984462800195,14.969332695007324,50.90215651665292,15.174667358398438,107537200,61878000
2019-08-21,51.32699203491211,14.722000122070312,51.570784266648715,14.881333351135254,51.075958705026295,14.506667137145996,51.411476424203315,14.800666809082031,86141600,116914500
2019-08-22,51.283546447753906,14.8100004196167,51.76147735075136,15.026666641235352,50.8707854293723,14.54800033569336,51.45975264476458,14.853333473205566,89014800,98385000
2019-08-23,48.9131965637207,14.09333324432373,51.18458108887087,14.744667053222656,48.51733388729023,14.066666603088379,50.55216358539117,14.664667129516602,187272000,128079000
2019-08-26,49.842498779296875,14.333333015441895,50.01146384351364,14.334667205810547,49.49732387088919,14.102666854858398,49.690428379920704,14.239999771118164,104174400,75778500
2019-08-27,49.280086517333984,14.272000312805176,50.33974338377373,14.58666706085205,49.128016108956025,14.135333061218262,50.17319078091452,14.38266658782959,103493200,81243000
2019-08-28,49.610782623291016,14.37266731262207,49.65664536777837,14.483332633972168,49.07733540717467,14.154000282287598,49.26561132852902,14.246000289916992,63755200,48382500
2019-08-29,50.45077896118164,14.780667304992676,50.52560977566885,14.893333435058594,49.883538772750256,14.533332824707031,50.327676617695595,14.600000381469727,83962000,77692500
2019-08-30,50.3856086730957,15.040666580200195,50.798365969361676,15.496000289916992,50.013881807829335,14.947333335876465,50.72836746477032,15.276666641235352,84573600,139809000
2019-09-03,49.65182113647461,15.000666618347168,49.96078696723515,15.263333320617676,49.294580085250836,14.87733268737793,49.82802734858885,14.938667297363281,80092000,80311500
2019-09-04,50.49422073364258,14.711999893188477,50.56421922702357,15.230667114257812,50.04284186698499,14.61400032043457,50.30111623432808,15.12600040435791,76752400,86415000
2019-09-05,51.48147964477539,15.305333137512207,51.64803228377301,15.319999694824219,51.05423639906365,14.723333358764648,51.172513818261585,14.833333015441895,95654800,110929500
2019-09-06,51.47664260864258,15.16333293914795,51.75664399416829,15.309332847595215,51.29560780159514,15.011333465576172,51.66733466797025,15.146666526794434,77449200,62841000
2019-09-09,51.6963005065918,15.452667236328125,52.24423356922281,15.583999633789062,50.9480254930661,15.281999588012695,51.85802449677151,15.333333015441895,109237600,72040500
2019-09-10,52.30699157714844,15.702667236328125,52.32630239930841,15.702667236328125,51.10250897061731,15.262666702270508,51.621473964701686,15.386667251586914,127111600,73255500
2019-09-11,53.97010040283203,16.47333335876465,53.999068478984455,16.544666290283203,52.55561484229116,15.733332633972168,52.637686761033,15.825332641601562,177158400,150642000
2019-09-12,53.84941482543945,16.391332626342773,54.65320994361384,16.899999618530273,53.793898506717696,16.293333053588867,54.262175874347506,16.51333236694336,128906800,128718000
2019-09-13,52.80182647705078,16.34666633605957,53.29423960394785,16.56333351135254,52.38424049208367,16.32466697692871,53.10355119977679,16.464000701904297,159053200,79696500
2019-09-16,53.07940673828125,16.187332153320312,53.13492673389949,16.495332717895508,52.514578994614034,16.077999114990234,52.5556131110518,16.399999618530273,84632400,70921500
2019-09-17,53.272518157958984,16.319332122802734,53.301486236897624,16.373332977294922,52.891137653208865,16.024667739868164,53.09389947312638,16.1646671295166,73274800,57981000
2019-09-18,53.77217102050781,16.232667922973633,53.79148184359405,16.544666290283203,52.968375964962206,16.158000946044922,53.359410003760594,16.333332061767578,101360000,62553000
2019-09-19,53.33527755737305,16.440000534057617,54.011137991648965,16.529333114624023,53.192860688642,16.32266616821289,53.58872337864495,16.399999618530273,88242400,71937000
2019-09-20,52.55562210083008,16.041332244873047,53.721486960795815,16.463333129882812,52.492864679630934,15.87733268737793,53.43666056862654,16.432666778564453,221652400,95295000
2019-09-23,52.79458236694336,16.082000732421875,53.06492652447317,16.345333099365234,52.53630425110384,15.947999954223633,52.85009868147261,16.0,76662000,65103000
2019-09-24,52.543540954589844,14.880666732788086,53.70458061816006,16.132667541503906,52.42526723714453,14.840666770935059,53.35216457100263,16.101333618164062,124763200,193372500
2019-09-25,53.3521728515625,15.24666690826416,53.465621643608316,15.26533317565918,52.41320564812769,14.557332992553711,52.753552024265126,14.970666885375977,87613600,141406500
2019-09-26,53.07699203491211,16.17066764831543,53.33044150405339,16.220666885375977,52.82113009425691,15.15999984741211,53.10354395421572,15.37733268737793,75334000,178267500
2019-09-27,52.81871795654297,16.142000198364258,53.33527046730831,16.58066749572754,52.44699108394318,15.915332794189453,53.233887732480994,16.14666748046875,101408000,166746000
2019-09-30,54.06182098388672,16.058000564575195,54.20906277348867,16.26533317565918,53.29423149087837,15.740667343139648,53.32078340976273,16.200000762939453,103909600,88197000
2019-10-01,54.21147918701172,16.312667846679688,55.087688890747934,16.39666748046875,54.11734122833316,15.942000389099121,54.327344123202884,16.100000381469727,139223200,92439000
2019-10-02,52.852516174316406,16.208667755126953,53.967689535520684,16.309999465942383,52.603891622167716,15.961999893188477,53.84217102356307,16.21933364868164,138449200,84471000
2019-10-03,53.30147933959961,15.535332679748535,53.33527235801911,15.631999969482422,51.928027942473314,14.95199966430664,52.72457818852778,15.457332611083984,114426000,226267500
2019-10-04,54.795616149902344,15.428667068481445,54.911481082685206,15.652000427246094,54.042512502627346,15.204667091369629,54.46492706842939,15.440667152404785,138478800,119925000
2019-10-07,54.80768966674805,15.847999572753906,55.500448423989305,15.904000282287598,54.51320605441516,15.236666679382324,54.61700127015362,15.319999694824219,122306000,120963000
2019-10-08,54.165611267089844,16.003332138061523,55.049061984514516,16.262666702270508,54.14871660081996,15.633333206176758,54.50837373327863,15.724666595458984,111820000,130173000
2019-10-09,54.800445556640625,16.302000045776367,54.98389284474855,16.48666763305664,54.464927844066246,16.043333053588867,54.800445556640625,16.08799934387207,74770400,103416000
2019-10-10,55.539058685302734,16.31599998474121,55.62354306025497,16.618667602539062,54.8656108895864,16.10533332824707,55.01767760807332,16.351999282836914,113013600,94249500
2019-10-11,57.016319274902344,16.525999069213867,57.361490591297425,16.738666534423828,56.074935925967964,16.45400047302246,56.22941883735513,16.476667404174805,166795600,127131000
2019-10-14,56.93423080444336,17.130666732788086,57.479751304210446,17.23666763305664,56.644575890167786,16.475332260131836,56.700092191973106,16.52666664123535,96427600,153075000
2019-10-15,56.801483154296875,17.19266700744629,57.36389471691398,17.333332061767578,56.695275477577944,16.941333770751953,57.059757565260995,17.18000030517578,87360000,96492000
2019-10-16,56.57216262817383,17.316667556762695,56.78216548478239,17.47333335876465,56.289748803592126,17.128000259399414,56.330782913164285,17.159332275390625,73903200,100261500
2019-10-17,56.791831970214844,17.46466636657715,57.00183119142603,17.652000427246094,56.36700490110861,17.344667434692383,56.74596922462551,17.5,67585200,71539500
2019-10-18,57.06458282470703,17.1299991607666,57.34699666668624,17.520000457763672,56.55285529281265,17.00666618347168,56.62526994840889,17.3799991607666,97433600,86247000
2019-10-21,58.05424118041992,16.899999618530273,58.170106109969666,17.299999237060547,57.284242887243614,16.678667068481445,57.33251809964137,17.222000122070312,87247200,75304500
2019-10-22,57.92148208618164,17.038667678833008,58.46217032840311,17.222000122070312,57.83941017813381,16.72333335876465,58.21113702782348,16.954666137695312,82293600,69012000
2019-10-23,58.698726654052734,16.978666305541992,58.713212533111005,17.076000213623047,58.22562440003919,16.75666618347168,58.43803976160765,16.96666717529297,75828800,78916500
2019-10-24,58.795284271240234,19.978666305541992,59.08976788255186,20.32866668701172,58.36804105103191,19.280000686645508,59.019765687332246,19.891332626342773,69275200,445813500
2019-10-25,59.5194206237793,21.875333786010742,59.555626113882134,22.0,58.626316264002334,19.74066734313965,58.69390230096949,19.847999572753906,73477200,450091500
2019-10-28,60.11562728881836,21.847333908081055,60.163902502037004,22.722667694091797,59.553212031072555,21.50666618347168,59.722177118919156,21.836000442504883,96572800,283054500
2019-10-29,58.725284576416016,21.08133316040039,60.28459956308395,21.6200008392334,58.55149452474422,20.983333587646484,60.096323630873314,21.332666397094727,142839600,190264500
2019-10-30,58.718040466308594,21.000667572021484,59.21045725080775,21.252666473388672,58.223214893254514,20.6646671295166,59.080110114785,20.866666793823242,124522000,144627000
2019-10-31,60.04563522338867,20.994667053222656,60.144601821229614,21.266666412353516,57.26976763890055,20.866666793823242,59.678740594533906,20.873332977294922,139162000,76005000
2019-11-01,61.7497673034668,20.887332916259766,61.776315539223695,21.09866714477539,60.14217733942509,20.65333366394043,60.23389913674113,21.08799934387207,151125200,95758500
2019-11-04,62.1552848815918,21.1646671295166,62.2397692663464,21.46266746520996,61.64356099632433,20.617332458496094,62.11424708339946,20.98666763305664,103272000,131805000
2019-11-05,62.065982818603516,21.148000717163086,62.321844791185924,21.567333221435547,61.870465789862735,21.07466697692871,62.04666831143155,21.308000564575195,79897600,104151000
2019-11-06,62.0925178527832,21.77199935913086,62.152862783791214,21.781333923339844,61.64113894745518,20.96666717529297,61.97906908783515,21.200000762939453,75864400,119113500
2019-11-07,62.809146881103516,22.369333267211914,63.03188619477791,22.766666412353516,62.48956727869956,21.868000030517578,62.64209424295783,21.94266700744629,94940400,217009500
2019-11-08,62.981048583984375,22.47599983215332,63.05367695601357,22.497333526611328,62.18452295800762,22.166667938232422,62.62999421281498,22.299999237060547,69986400,91038000
2019-11-11,63.47980499267578,23.006000518798828,63.54517055003709,23.279333114624023,62.53075206980724,22.799999237060547,62.53559150013071,22.93000030517578,81821200,149800500
2019-11-12,63.421669006347656,23.32866668701172,63.62261980364034,23.357999801635742,63.16988574029353,22.93600082397461,63.322405311898535,23.126667022705078,87388800,110391000
2019-11-13,64.02936553955078,23.073999404907227,64.1044173295608,23.755332946777344,63.20621186985133,23.011999130249023,63.220737546082844,23.666667938232422,102734400,126301500
2019-11-14,63.5863151550293,23.290000915527344,64.12862674901018,23.589332580566406,63.45557668560843,22.860666275024414,63.8550475432619,23.073999404907227,89182800,96973500
2019-11-15,64.3416748046875,23.47800064086914,64.34651423338288,23.520000457763672,63.67588763125635,23.224000930786133,63.838093459620026,23.375999450683594,100206400,72135000
2019-11-18,64.66609191894531,23.332666397094727,64.74598312645759,23.543333053588867,63.97125341720809,23.073333740234375,64.351351740566,23.527999877929688,86703200,66006000
2019-11-19,64.47000122070312,23.968000411987305,64.88399779458389,23.999332427978516,64.25210867594704,23.18666648864746,64.85978586995721,23.450000762939453,76167200,115872000
2019-11-20,63.71946716308594,23.481332778930664,64.41914514180829,24.079999923706055,63.04399371723399,23.30466651916504,64.28841406592034,24.0,106234400,100876500
2019-11-21,63.43379211425781,23.655332565307617,63.918001035672695,24.055999755859375,63.23284127434323,23.600000381469727,63.84052583502028,23.634000778198242,121395200,91650000
2019-11-22,63.378108978271484,22.202667236328125,63.71705376455788,22.733333587646484,63.15053018138443,22.0,63.57421301135298,22.67733383178711,65325200,253059000
2019-11-25,64.4893798828125,22.422666549682617,64.50632897245804,22.971332550048828,63.55727600207498,22.297332763671875,63.60327645200223,22.954666137695312,84020400,185092500
2019-11-26,63.98575973510742,21.92799949645996,64.68059802665061,22.366666793823242,63.552390886584746,21.80666732788086,64.62733477494147,22.351333618164062,105207600,119211000
2019-11-27,64.84524536132812,22.086000442504883,64.87914352574064,22.261999130249023,64.23272148942515,21.904666900634766,64.2980870213688,22.07466697692871,65235600,83334000
2019-11-29,64.7024154663086,21.996000289916992,64.88399380718693,22.083999633789062,64.37557297503929,21.833332061767578,64.54504904856904,22.073999404907227,46617600,36984000
2019-12-02,63.95431137084961,22.32466697692871,64.94451766882375,22.42533302307129,63.78241928287558,21.91266632080078,64.70725265179773,21.959999084472656,94487200,91117500
2019-12-03,62.813995361328125,22.413333892822266,62.83336046421065,22.527332305908203,62.048944499757425,22.145999908447266,62.537992773277914,22.174667358398438,114430400,98605500
2019-12-04,63.36841583251953,22.20199966430664,63.74852158896931,22.52400016784668,63.11178570880677,22.190000534057617,63.206209989944824,22.516666412353516,67181600,82995000
2019-12-05,64.29808807373047,22.024667739868164,64.37314724066661,22.294666290283203,63.608096393266514,21.816667556762695,63.86472648524016,22.18866729736328,74424400,55869000
2019-12-06,65.54008483886719,22.392667770385742,65.61029718875501,22.590667724609375,64.7145078879973,22.31800079345703,64.75809229839278,22.333332061767578,106075600,114186000
2019-12-09,64.62251281738281,22.635332107543945,65.56187172842363,22.963333129882812,64.13588058559877,22.338666915893555,65.36819115445321,22.439332962036133,128042400,135346500
2019-12-10,65.00020599365234,23.256000518798828,65.38515118607975,23.381999969482422,64.36588612252761,22.62066650390625,65.0292573457689,22.663999557495117,90420400,132424500
2019-12-11,65.55461120605469,23.51333236694336,65.63450980225757,23.812667846679688,65.00503683196938,23.4060001373291,65.08008861116568,23.458667755126953,78756800,103467000
2019-12-12,65.72167205810547,23.978666305541992,65.98798843132002,24.182666778564453,64.71936347511442,23.548667907714844,64.83072945357088,23.661333084106445,137310400,116458500
2019-12-13,66.61503601074219,23.892667770385742,66.65135019950229,24.347333908081055,65.59335496579085,23.642667770385742,65.72167002503738,24.06999969482422,133587600,98563500
2019-12-16,67.75536346435547,25.433332443237305,67.98052627002482,25.573999404907227,67.0581086937624,24.166667938232422,67.06294812404012,24.170000076293945,128186000,272613000
2019-12-17,67.88850402832031,25.266000747680664,68.21776250630693,25.700000762939453,67.49871205445935,25.059999465942383,67.68513719395666,25.266000747680664,114158400,127452000
2019-12-18,67.72628021240234,26.209999084472656,68.24922658541561,26.347999572753906,67.5761766716044,25.371999740600586,67.7408058848383,25.375333786010742,116028400,211815000
2019-12-19,67.7940902709961,26.93600082397461,68.07493233966673,27.123332977294922,67.5350441062106,26.433332443237305,67.66819860784388,26.488000869750977,98369200,271606500
2019-12-20,67.6536636352539,27.03933334350586,68.43081679971336,27.53333282470703,67.44061055116062,26.679332733154297,68.32913707494946,27.3526668548584,275978000,221290500
2019-12-23,68.75765991210938,27.947999954223633,68.81818602118693,28.134000778198242,67.87881962615262,27.333332061767578,67.91755722257518,27.45199966430664,98572000,199794000
2019-12-24,68.8230209350586,28.350000381469727,68.97313188201366,28.364667892456055,68.49618587823406,27.512666702270508,68.92470804255196,27.890666961669922,48478800,120820500
2019-12-26,70.1884994506836,28.729333877563477,70.2054485347973,28.898666381835938,68.92713738051157,28.42333221435547,68.95618873131151,28.527332305908203,93121200,159508500
2019-12-27,70.1618881225586,28.691999435424805,71.171467238881,29.020666122436523,69.75515429533328,28.407333374023438,70.48146786756865,29.0,146266000,149185500
2019-12-30,70.57827758789062,27.64666748046875,70.86154300911814,28.600000381469727,69.05302270311626,27.284000396728516,70.07954307567853,28.586000442504883,144114400,188796000
2019-12-31,71.09396362304688,27.8886661529541,71.10122646033071,28.086000442504883,70.09407115580855,26.80533218383789,70.19333485764807,27.0,100805600,154285500
2020-01-02,72.71607971191406,28.68400001525879,72.77660582997152,28.713333129882812,71.46681974859514,28.11400032043457,71.7210264890596,28.299999237060547,135480400,142981500
2020-01-03,72.0091323852539,29.534000396728516,72.77176000550182,30.266666412353516,71.78397699623217,29.128000259399414,71.9413434276417,29.366666793823242,146322800,266677500
2020-01-06,72.5829086303711,30.1026668548584,72.62164622763687,30.104000091552734,70.87607527260708,29.333332061767578,71.12786596061405,29.364667892456055,118387200,151995000
2020-01-07,72.24154663085938,31.270666122436523,72.84922374466596,31.441999435424805,72.02123070618616,30.224000930786133,72.59259363206662,30.760000228881836,108872000,268231500
2020-01-08,73.40364837646484,32.80933380126953,73.70627893727402,33.232666015625,71.943758846659,31.215333938598633,71.943758846659,31.579999923706055,132079200,467164500
2020-01-09,74.96280670166016,32.089332580566406,75.15648731833909,33.253334045410156,74.1323901596974,31.524667739868164,74.38417348369161,33.13999938964844,170108400,426606000
2020-01-10,75.13227844238281,31.876667022705078,75.69880941545972,32.3293342590332,74.6287043855216,31.579999923706055,75.19765137920673,32.11933135986328,140644800,194392500
2020-01-13,76.73741149902344,34.990665435791016,76.76404682603398,35.04199981689453,75.3307854721379,32.79999923706055,75.44942165682815,32.900001525878906,121532000,397764000
2020-01-14,75.70122528076172,35.861331939697266,76.88511970700802,36.49399948120117,75.57775702296071,34.99333190917969,76.67448999643469,36.284000396728516,161954400,434943000
2020-01-15,75.37680053710938,34.56666564941406,76.38395596192076,35.85599899291992,74.94343149157285,34.452667236328125,75.50027617412253,35.31733322143555,121923600,260532000
2020-01-16,76.32099151611328,34.232666015625,76.43236486391163,34.297332763671875,75.55836410557868,32.81133270263672,75.92152071901803,32.91666793823242,108829200,326050500
2020-01-17,77.16595458984375,34.03333282470703,77.16837061022176,34.37799835205078,76.26290232469962,33.54399871826172,76.57037231867773,33.840667724609375,137816400,204436500
2020-01-21,76.64300537109375,36.47999954223633,77.23615682397768,36.571998596191406,76.50500406521856,35.227333068847656,76.79310894375465,35.349998474121094,110843200,267052500
2020-01-22,76.91658782958984,37.97066879272461,77.47100170840719,39.633331298828125,76.82216354627624,37.27333450317383,77.12963354237134,38.125999450683594,101832400,470535000
2020-01-23,77.28700256347656,38.14666748046875,77.3668937772688,38.79999923706055,76.42026453610515,37.040000915527344,76.96984634011159,37.616668701171875,104472000,294765000
2020-01-24,77.06425476074219,37.654666900634766,78.27961624864055,38.25733184814453,76.87299020657808,36.95066833496094,77.53393791090298,38.04199981689453,146537600,215304000
2020-01-27,74.79816436767578,37.201332092285156,75.48089322464955,37.62933349609375,73.81279759380895,35.95199966430664,75.06689673049003,36.132667541503906,161940000,204121500
2020-01-28,76.91413879394531,37.793331146240234,77.08603082988833,38.45399856567383,75.58256474340615,37.2053337097168,75.68182842287722,37.89933395385742,162234000,176827500
2020-01-29,78.5241470336914,38.732666015625,79.37393591584485,39.31999969482422,77.80752001617462,37.82866668701172,78.55078236199498,38.37933349609375,216229200,267022500
2020-01-30,78.41036987304688,42.72066879272461,78.46363314950943,43.391998291015625,77.17079622640016,41.20000076293945,77.60416527632543,42.16133117675781,126743200,435085500
2020-01-31,74.93375396728516,43.371334075927734,78.1222655759737,43.53333282470703,74.63838622980492,42.167999267578125,77.69858276990855,42.66666793823242,199588400,235789500
2020-02-03,74.72794342041016,52.0,75.89730439692568,52.409332275390625,73.16879052609627,44.90133285522461,73.67236441660148,44.91266632080078,173788400,705975000
2020-02-04,77.19499969482422,59.137332916259766,77.38626426505087,64.59933471679688,75.93121426303615,55.59199905395508,76.33794793595989,58.86399841308594,136616400,914082000
2020-02-05,77.82447052001953,48.97999954223633,78.62583557722229,56.39866638183594,77.21920945636545,46.94066619873047,78.32562106551018,54.88399887084961,118826800,726357000
2020-02-06,78.73477935791016,49.930667877197266,78.73720276650342,53.05533218383789,77.53636686633509,45.79999923706055,78.09562750675829,46.66133117675781,105425600,598212000
2020-02-07,77.6645736694336,49.871334075927734,78.48240085764334,51.31666564941406,77.1719355094332,48.66666793823242,78.23244174012544,48.70333480834961,117684000,255952500
2020-02-10,78.03343963623047,51.41866683959961,78.03343963623047,54.66600036621094,76.1648155367922,50.15999984741211,76.24489635857795,53.33333206176758,109348800,370338000
2020-02-11,77.56262969970703,51.62533187866211,78.60372465740163,52.23400115966797,77.3442200863521,50.53333282470703,78.53092392160836,51.25266647338867,94323200,175462500
2020-02-12,79.40457916259766,51.15266799926758,79.40943007689862,52.650001525878906,78.01402569685219,50.891334533691406,78.01402569685219,51.858001708984375,113730400,180337500
2020-02-13,78.8391342163086,53.599998474121094,79.16675238353734,54.53333282470703,78.47026476188894,49.0,78.67411425559266,49.45600128173828,94747600,394339500
2020-02-14,78.85855102539062,53.33533477783203,79.10851012138082,54.198001861572266,78.34892359887368,52.366668701171875,78.80758309855572,52.4813346862793,80113600,235405500
2020-02-18,77.41459655761719,57.22666549682617,77.59660579717271,57.33333206176758,76.34923225388421,55.490665435791016,76.53124149343974,56.106666564941406,152531200,245725500
2020-02-19,78.5357894897461,61.16133117675781,78.76633753940254,62.98533248901367,77.65729255269991,60.06800079345703,77.65729255269991,61.56666564941406,93984000,381345000
2020-02-20,77.73008728027344,59.96066665649414,78.78574250032466,60.79999923706055,77.22288901629881,57.3293342590332,78.29553354521413,60.79666519165039,100566000,264523500
2020-02-21,75.97066497802734,60.06666564941406,77.76649566805042,60.87066650390625,75.35183643347615,58.6966667175293,77.32238890983989,60.46533203125,129554000,214722000
2020-02-24,72.3620376586914,55.58599853515625,73.8181119648714,57.56666564941406,70.19006459555902,54.813331604003906,72.13877707909086,55.93333435058594,222195200,227883000
2020-02-25,69.91098022460938,53.32733154296875,73.41769559790279,57.106666564941406,69.4377605020185,52.46666717529297,73.03426594239946,56.599998474121094,230673600,259357500
2020-02-26,71.02003479003906,51.91999816894531,72.28924910730535,54.22066879272461,69.5275598554886,51.740665435791016,69.53483993200922,52.16666793823242,198054800,211282500
2020-02-27,66.37754821777344,45.266666412353516,69.40618438433137,49.31800079345703,66.24164858907926,44.599998474121094,68.21705893027021,48.66666793823242,320605600,364158000
2020-02-28,66.3387451171875,44.53266525268555,67.56427882911555,46.03466796875,62.215630206085294,40.768001556396484,62.431618127058165,41.97999954223633,426510000,363343500
2020-03-02,72.51490783691406,49.574668884277344,73.15315476053108,49.5793342590332,67.39680886693866,45.77799987792969,68.50342446012388,47.41733169555664,341397200,302925000
2020-03-03,70.2118911743164,49.70066833496094,73.77441717355254,53.798667907714844,69.35765634090362,47.740665435791016,73.69433636090781,53.66666793823242,319475600,386760000
2020-03-04,73.4686279296875,49.96666717529297,73.62879693625385,51.10133361816406,71.13648661708095,48.31533432006836,71.93975340351452,50.930667877197266,219178400,225735000
2020-03-05,71.08554077148438,48.30266571044922,72.69449642985231,49.71666717529297,70.71909308665877,47.871334075927734,71.71650028960082,48.2513313293457,187572800,162790500
2020-03-06,70.14151000976562,46.89866638183594,70.57590748684923,47.133331298828125,68.24861680086957,45.61800003051758,68.43547696188391,46.0,226176800,189943500
2020-03-09,64.59386444091797,40.53333282470703,67.4865936042117,44.20000076293945,63.82456885051685,40.33333206176758,64.00657807727688,40.35933303833008,286744800,256105500
2020-03-10,69.24603271484375,43.02199935913086,69.5129811258908,44.53333282470703,65.37044835521063,40.53333282470703,67.25606913589775,43.96200180053711,285290000,233916000
2020-03-11,66.84105682373047,42.28200149536133,68.2461699212593,43.571998596191406,65.97469125438548,40.866668701171875,67.31671286531594,42.68000030517578,255598800,199837500
2020-03-12,60.240211486816406,37.369998931884766,65.52333473547242,39.633331298828125,60.18439634961911,36.41666793823242,62.11126834135515,38.72600173950195,418474000,283636500
2020-03-13,67.45746612548828,36.44133377075195,67.93069302703316,40.50466537475586,61.38563793087301,33.46666717529297,64.2832288076279,39.66666793823242,370732000,339604500
2020-03-16,58.77928924560547,29.67133331298828,62.87327957704444,32.9913330078125,58.24296696218062,29.47800064086914,58.71619032815072,31.299999237060547,322423600,307342500
2020-03-17,61.36381530761719,28.68000030517578,62.516536915107906,31.456666946411133,57.854675154192996,26.399999618530273,60.06548110830406,29.333999633789062,324056000,359919000
2020-03-18,59.86162185668945,24.08133316040039,60.66974328155828,26.99066734313965,57.544036922736474,23.367332458496094,58.18713842331335,25.933332443237305,300233600,356793000
2020-03-19,59.40296936035156,28.50933265686035,61.35896164078844,30.133333206176758,58.876356338925326,23.8973331451416,60.036361741511776,24.979999542236328,271857200,452932500
2020-03-20,55.631736755371094,28.50200080871582,61.11385462075303,31.799999237060547,55.330813454385684,28.38599967956543,59.98539501929856,29.213333129882812,401693200,424282500
2020-03-23,54.44989776611328,28.952667236328125,55.45216343682044,29.46666717529297,51.59599344484774,27.366666793823242,55.350238679238295,28.906667709350586,336752800,246817500
2020-03-24,59.912593841552734,33.66666793823242,60.10916324280381,34.24599838256836,56.85969151927787,31.600000381469727,57.359609676283746,31.81999969482422,287531200,343428000
2020-03-25,59.58255386352539,35.95000076293945,62.67185674280047,37.133331298828125,59.286485163699844,34.07400131225586,60.85176409780143,36.349998474121094,303602000,318340500
2020-03-26,62.71797561645508,35.21066665649414,62.77621621978865,37.33333206176758,59.786412185369784,34.150001525878906,59.825241722917845,36.49266815185547,252087200,260710500
2020-03-27,60.12129592895508,34.29066848754883,62.094273652565946,35.0533332824707,59.95384682888378,32.935333251953125,61.33711636840459,33.66666793823242,204216800,215661000
2020-03-30,61.83704376220703,33.47533416748047,62.0093475048291,34.44333267211914,60.52414930589501,32.7486686706543,60.849342024154396,34.017333984375,167976400,179971500
2020-03-31,61.71086120605469,34.93333435058594,63.70082890798329,36.19733428955078,61.155127745932546,33.133331298828125,62.028773909212845,33.41666793823242,197002000,266572500
2020-04-01,58.46380615234375,32.104000091552734,60.35912878890937,34.26333236694336,58.031837774101646,31.67333221435547,59.82038104472191,33.599998474121094,176218400,200298000
2020-04-02,59.43937301635742,30.29800033569336,59.49276269917482,32.95066833496094,57.49066070248686,29.760000228881836,58.32547715782636,32.068668365478516,165934000,297876000
2020-04-03,58.585147857666016,32.000667572021484,59.62623930857482,34.36600112915039,57.99301040837071,31.22599983215332,58.92247157470053,33.96666717529297,129880000,338431500
2020-04-06,63.69597244262695,34.41600036621094,63.85128318813444,34.733333587646484,60.519304472441405,33.19733428955078,60.88817397325163,34.08000183105469,201820400,223527000
2020-04-07,62.95820999145508,36.36333465576172,65.93588600447147,37.66666793823242,62.853859800879945,35.48933410644531,65.71746898385814,36.33333206176758,202887200,268797000
2020-04-08,64.56961822509766,36.589332580566406,64.88509803559353,37.14733123779297,63.395052482452144,35.55533218383789,63.76149282104844,36.9466667175293,168895200,189840000
2020-04-09,65.0355453491211,38.20000076293945,65.54032183594127,38.345333099365234,64.23713674062121,37.14066696166992,65.20785277807086,37.4726676940918,161834800,204750000
2020-04-13,66.31204223632812,43.39666748046875,66.42125075775364,43.46666717529297,64.51136064871955,38.70199966430664,65.11320728466447,39.34400177001953,131022800,337131000
2020-04-14,69.6610107421875,47.32600021362305,69.95222853281514,49.45866775512695,67.47689953040836,46.1619987487793,67.95012658868427,46.597999572753906,194994800,458647500
2020-04-15,69.02519226074219,48.65533447265625,69.48628092008256,50.20866775512695,68.10301494206142,47.33333206176758,68.53255414367216,49.46666717529297,131154400,353655000
2020-04-16,69.57365417480469,49.680667877197266,69.94010189303526,50.630001068115234,68.52042803590564,47.11466598510742,69.74110330393147,47.79600143432617,157125200,309868500
2020-04-17,68.629638671875,50.259334564208984,69.63676274652339,51.663333892822266,67.18812439019051,49.84400177001953,69.08830567330986,51.48533248901367,215250000,196923000
2020-04-20,67.2051010131836,49.75733184814453,68.35782638874939,51.03799819946289,67.18568994969831,47.48066711425781,67.45263835997193,48.8466682434082,130015200,221199000
2020-04-21,65.12777709960938,45.781333923339844,67.2827683027009,50.22200012207031,64.41430008220807,44.919334411621094,67.04736932204841,48.67466735839844,180991600,303136500
2020-04-22,67.0036849975586,48.807334899902344,67.4405043108994,48.93333435058594,66.05723821466911,45.91400146484375,66.39940914673265,46.93199920654297,116862400,212482500
2020-04-23,66.74401092529297,47.04199981689453,68.37481424450658,48.93333435058594,66.7051813931717,46.87533187866211,66.94786041444767,48.50666809082031,124814400,198550500
2020-04-24,68.6708755493164,48.34333419799805,68.68058478279482,48.71533203125,67.22208165212722,46.54533386230469,67.27062041354411,47.387332916259766,126161200,198180000
2020-04-27,68.71940612792969,53.25,69.05187512671834,53.29933166503906,67.93797956040792,49.0,68.38692972316672,49.17399978637695,117087600,310221000
2020-04-28,67.60551452636719,51.27466583251953,69.3649373275059,53.66666793823242,67.51330272470628,50.44599914550781,69.18292807221569,53.042667388916016,112004800,228330000
2020-04-29,69.82603454589844,53.367332458496094,70.29683242001799,53.54666519165039,68.89414803177873,52.21066665649414,69.0979975124322,52.678001403808594,137280800,243240000
2020-04-30,71.299072265625,52.12533187866211,71.47623056457492,57.987998962402344,69.97647643694012,50.900001525878906,70.36718599002744,57.01266860961914,183064000,427078500
2020-05-01,70.1512222290039,46.75466537475586,72.56102298757865,51.518001556396484,69.3697955313602,45.5359992980957,69.46686565282405,50.33333206176758,240616800,487977000
2020-05-04,71.14379119873047,50.74599838256836,71.27241079901312,50.79999923706055,69.4838673851674,46.53333282470703,70.17550415897956,46.733333587646484,133568000,288556500
2020-05-05,72.2115707397461,51.2140007019043,73.04638718577591,53.26133346557617,71.45926427424553,50.8120002746582,71.60487317175793,52.65266799926758,147751200,254875500
2020-05-06,72.95659637451172,52.172000885009766,73.58998507405805,52.6533317565918,72.52947892116252,50.740665435791016,72.91533768168664,51.766666412353516,142333600,166848000
2020-05-07,73.71131134033203,52.00266647338867,74.05834791180315,53.09333419799805,73.2817722099888,51.4900016784668,73.58512093632648,51.81399917602539,115215200,172915500
2020-05-08,75.46578216552734,54.62799835205078,75.51931637355732,54.93333435058594,74.04470105585122,52.46733474731445,74.3732060857613,52.917999267578125,133838400,241297500
2020-05-11,76.65325164794922,54.08599853515625,77.14965158521665,54.93333435058594,74.76252676945559,52.33333206176758,74.97179952522458,52.70066833496094,145946400,247794000
2020-05-12,75.77725982666016,53.96066665649414,77.79208148134276,56.21933364868164,75.65559183440632,53.866668701171875,77.33947268862552,55.133331298828125,162301200,238603500
2020-05-13,74.86231231689453,52.73066711425781,76.88200539450654,55.06666564941406,73.78189997803335,50.88666534423828,75.95732422038697,54.72200012207031,200622400,285982500
2020-05-14,75.32221221923828,53.55533218383789,75.38304620688119,53.557334899902344,73.37308887883164,50.93333435058594,74.09823268490378,52.0,158929200,205233000
2020-05-15,74.87689971923828,53.27799987792969,74.92313414173562,53.66999816894531,73.05188017652294,52.436668395996094,73.08595077247826,52.689998626708984,166348400,157776000
2020-05-18,76.6410903930664,54.242000579833984,77.01582984347145,55.64799880981445,75.51201542213853,53.59199905395508,76.20552437986748,55.185333251953125,135178400,174987000
2020-05-19,76.19822692871094,53.867332458496094,77.50736817025115,54.80466842651367,76.16659206539425,53.73866653442383,76.65812803670754,54.34466552734375,101729600,144547500
2020-05-20,77.68016052246094,54.37066650390625,77.7507226216898,55.06666564941406,77.02071455995602,54.119998931884766,77.05964921437162,54.70000076293945,111504800,109639500
2020-05-21,77.10099792480469,55.17333221435547,78.08407725078851,55.5,76.86252601832638,53.06666564941406,77.54143540411926,54.400001525878906,102688800,183819000
2020-05-22,77.59741973876953,54.45866775512695,77.68015308672346,55.45199966430664,76.73600822909283,54.133331298828125,76.83820518937846,54.81133270263672,81803200,149812500
2020-05-26,77.0718002319336,54.591331481933594,78.89924821688763,55.63999938964844,77.01583028852903,54.38066864013672,78.71918198527375,55.633331298828125,125522000,121345500
2020-05-27,77.4076156616211,54.68199920654297,77.55361875487274,55.180667877197266,76.1860715476681,52.33333206176758,76.92825084418656,54.7239990234375,112945200,173242500
2020-05-28,77.44165802001953,53.72066879272461,78.70457206303743,54.983333587646484,76.80411908559893,53.44599914550781,77.0815181781685,54.23400115966797,133560800,108834000
2020-05-29,77.36624145507812,55.66666793823242,78.14734786532948,55.66666793823242,77.00853727030466,53.61399841308594,77.68501099224073,53.91666793823242,153532400,176467500
2020-06-01,78.31768035888672,59.87333297729492,78.43934833911615,59.93333435058594,77.18859793786604,56.939998626708984,77.32000143580059,57.20000076293945,80791200,224092500
2020-06-02,78.68023681640625,58.770668029785156,78.70457189402366,60.57733154296875,77.60712449987925,58.06666564941406,78.04999766403765,59.64666748046875,87642800,203484000
2020-06-03,79.1133804321289,58.86399841308594,79.37618740858451,59.862667083740234,78.42717129207927,58.67333221435547,79.00144797787304,59.20800018310547,104491200,119242500
2020-06-04,78.43205261230469,57.62533187866211,79.23505835292487,59.71666717529297,78.05731313453714,57.229331970214844,78.93575985874213,59.32533264160156,87560400,133315500
2020-06-05,80.6658706665039,59.04399871826172,80.72670465644849,59.10133361816406,78.65348495250613,57.746665954589844,78.68268407951567,58.522666931152344,137250400,117178500
2020-06-08,81.1427993774414,63.327999114990234,81.17686997307266,63.33333206176758,79.64872058754821,60.61066818237305,80.36169309987528,61.266666412353516,95654400,212620500
2020-06-09,83.70512390136719,62.711334228515625,84.09932691847067,63.62933349609375,80.78996422247816,61.595333099365234,80.82159908143493,62.66733169555664,147712400,170823000
2020-06-10,85.85865020751953,68.336669921875,86.32828677869298,68.49866485595703,84.2161326502249,65.5,84.65657009743241,66.12533569335938,166651600,278451000
2020-06-11,81.73654174804688,64.85600280761719,85.42551553412683,67.9306640625,81.63434481058569,64.80000305175781,84.99967763398335,66.01333618164062,201662400,238747500
2020-06-12,82.44222259521484,62.35200119018555,84.63224629678102,65.8653335571289,81.32774713453523,60.84000015258789,83.88277478636243,65.33333587646484,200146000,251451000
2020-06-15,83.46179962158203,66.05999755859375,84.11637395651466,66.5893325805664,80.9286713541559,60.56666564941406,81.0917097169114,61.18600082397461,138808800,235458000
2020-06-16,85.6737060546875,65.47533416748047,85.9462485185203,67.52532958984375,83.88275727706606,64.15933227539062,85.52283897490148,67.4566650390625,165428800,210766500
2020-06-17,85.55449676513672,66.11933135986328,86.48160625971012,67.0,85.43282877449953,65.50466918945312,86.42077226439153,65.84733581542969,114406400,148362000
2020-06-18,85.58856201171875,66.9306640625,86.00710017036369,67.94667053222656,84.97778636060843,66.2979965209961,85.51069272033729,66.86666870117188,96820400,146278500
2020-06-19,85.09945678710938,66.72666931152344,86.76387395155108,67.73133087158203,83.98740960809002,66.0893325805664,86.29667304189616,67.51866912841797,264476000,130195500
2020-06-22,87.32596588134766,66.28800201416016,87.4695331919999,67.2586669921875,85.44741216447049,66.00133514404297,85.49364658624263,66.663330078125,135445200,95436000
2020-06-23,89.1899185180664,66.78533172607422,90.61343520003089,67.46666717529297,88.15330507538052,66.267333984375,88.5742789095001,66.59200286865234,212155600,95479500
2020-06-24,87.61553955078125,64.0566635131836,89.73986501886358,66.72533416748047,87.24080011710065,63.542667388916016,88.81761971025675,66.27400207519531,192623200,164394000
2020-06-25,88.77869415283203,65.73200225830078,88.81762879904495,65.73200225830078,87.0096443292993,62.47666549682617,87.77128710141119,63.61800003051758,137522400,138817500
2020-06-26,86.05089569091797,63.982666015625,88.8954936232834,66.33333587646484,85.90245689556569,63.65800094604492,88.67405701121628,66.31866455078125,205256800,132823500
2020-06-29,88.0340805053711,67.29000091552734,88.12898509123728,67.33333587646484,85.47905300682135,63.23466873168945,85.9584251297807,64.60066986083984,130646000,135396000
2020-06-30,88.76895904541016,71.98733520507812,89.05610113430572,72.51266479492188,87.60094935771706,66.91533660888672,87.62041296790133,67.0999984741211,140223200,253777500
2020-07-01,88.60105895996094,74.64199829101562,89.3919008846663,75.68866729736328,88.55239622020926,72.03333282470703,88.84683067288958,72.19999694824219,110737200,199903500
2020-07-02,88.60105895996094,80.57733154296875,90.14867963414797,81.86666870117188,88.4866981798334,79.04000091552734,89.51114056301097,81.43199920654297,114041600,258751500
2020-07-06,90.97113037109375,91.43866729736328,91.4407668896368,91.85266876220703,90.0026507872914,84.40266418457031,90.03428564338377,85.11266326904297,118655600,308548500
2020-07-07,90.6888656616211,92.65733337402344,92.13184590156695,95.30000305175781,90.57693321642051,89.11399841308594,91.35073966867222,93.6673355102539,112424400,322345500
2020-07-08,92.80103302001953,91.05867004394531,92.83266788269125,94.48400115966797,91.58191749535032,87.42266845703125,91.66952230167387,93.66666412353516,117092000,244669500
2020-07-09,93.20011138916016,92.9520034790039,93.7500456266075,93.90399932861328,92.14889822617897,90.08533477783203,93.69651141665871,93.1326675415039,125642800,175764000
2020-07-10,93.36312866210938,102.97666931152344,93.42153433551938,103.2613296508789,92.18051959638903,91.73400115966797,92.79372347201921,93.06666564941406,90257200,350064000
2020-07-13,92.93242645263672,99.80400085449219,97.29057387515883,119.66600036621094,92.71828964483974,98.0739974975586,94.67227687695217,110.5999984741211,191649200,584781000
2020-07-14,94.47032928466797,101.12000274658203,94.66255936029044,106.0,91.37509535164902,95.4000015258789,92.31193292486347,103.73332977294922,170989200,351271500
2020-07-15,95.12002563476562,103.06732940673828,96.60194074558854,103.33333587646484,93.91794539378512,97.13333129882812,96.35130500289155,102.86666870117188,153198000,245517000
2020-07-16,93.94955444335938,100.04266357421875,94.80852985232154,102.11399841308594,93.3485144880104,97.73332977294922,93.98848907753033,98.47733306884766,110577600,214512000
2020-07-17,93.759765625,100.05599975585938,94.55790717010848,102.50066375732422,93.2852575959958,99.33333587646484,94.4021760380504,100.89666748046875,92186800,139950000
2020-07-20,95.73567962646484,109.53333282470703,95.87438292715883,110.0,93.50185695370757,99.19999694824219,93.84739733729212,101.267333984375,90318000,256821000
2020-07-21,94.41435241699219,104.55733489990234,96.60437605553066,111.66666412353516,94.16371667540041,103.86666870117188,96.52894250206293,109.32866668701172,103433200,241608000
2020-07-22,94.6795883178711,106.15533447265625,95.36336177523553,108.4280014038086,94.02744972364847,104.13333129882812,94.11504710524962,106.5999984741211,89001600,212416500
2020-07-23,90.37010192871094,100.87133026123047,94.48977758073065,112.5999984741211,89.55736078613936,98.71800231933594,94.41190829825081,111.93000030517578,197004400,364927500
2020-07-24,90.14622497558594,94.46666717529297,90.49176525760697,97.66666412353516,86.76872113795501,91.10266876220703,88.56211314862233,94.40066528320312,185438800,290949000
2020-07-27,92.28271484375,102.63999938964844,92.37518368443884,103.19599914550781,90.98817335217583,94.19999694824219,91.21203824708473,95.66666412353516,121214000,240730500
2020-07-28,90.76675415039062,98.43267059326172,92.02966845109543,104.3133316040039,90.76188267824885,98.29467010498047,91.85203051648675,100.26667022705078,103625600,237130500
2020-07-29,92.5066146850586,99.94066619873047,92.69155242145456,102.32066345214844,91.21450111866662,99.13333129882812,91.25100003347492,100.06666564941406,90329200,141403500
2020-07-30,93.6259536743164,99.16600036621094,93.73058636306052,100.8826675415039,91.2680274432724,98.06666564941406,91.67683010582483,99.19999694824219,158130000,114315000
2020-07-31,103.42752838134766,95.38400268554688,103.57839550277167,101.13666534423828,98.13739905674298,94.73200225830078,100.14249260806086,101.0,374336800,183123000
2020-08-03,106.03363800048828,99.0,108.66166323525441,100.65399932861328,105.01649553295304,96.29199981689453,105.31579399255398,96.61333465576172,308151200,132139500
2020-08-04,106.74174499511719,99.13333129882812,107.83675673192468,101.82733154296875,105.49829447245462,97.46666717529297,106.22343825153119,99.6673355102539,173071600,126225000
2020-08-05,107.12865447998047,99.00133514404297,107.44985972369943,99.98933410644531,105.99470803547494,97.88733673095703,106.46191633779561,99.53266906738281,121776800,74217000
2020-08-06,110.86628723144531,99.30533599853516,111.36269464253704,101.15399932861328,106.87071514088169,98.48400115966797,107.46201970975673,99.38866424560547,202428800,89884500
2020-08-07,108.34566497802734,96.84733581542969,110.84435557432207,99.98332977294922,107.54608428478957,94.33399963378906,110.38605796245164,99.96932983398438,198045600,133446000
2020-08-10,109.9204330444336,94.57133483886719,110.94184946694823,97.16666412353516,107.26085060599635,92.38933563232422,109.7961055869829,96.53333282470703,212403600,112834500
2020-08-11,106.65142822265625,91.6259994506836,109.68154587218592,94.66666412353516,106.3905875156011,91.0,109.18181072713648,93.06666564941406,187902400,129387000
2020-08-12,110.19590759277344,103.65066528320312,110.45430815645663,105.66666412353516,107.55095084699191,95.66666412353516,107.74596761374468,98.0,165598000,327441000
2020-08-13,112.14610290527344,108.06666564941406,113.15289349736156,110.07866668701172,111.09055440270924,104.48400115966797,111.58054387716682,107.4000015258789,210082000,306379500
2020-08-14,112.04615020751953,110.04733276367188,112.13634564305688,111.25333404541016,110.23002598166595,108.44266510009766,111.97058065669567,110.99933624267578,165565200,188664000
2020-08-17,111.75362396240234,122.3759994506836,113.19677333095444,123.05733489990234,111.12468856587184,111.52200317382812,113.17239437524739,111.80000305175781,119561600,303634500
2020-08-18,112.68485260009766,125.80599975585938,113.11145831572809,128.25999450683594,111.1685737018232,123.00733184814453,111.50498397074077,126.59933471679688,105633600,247117500
2020-08-19,112.82621765136719,125.23533630371094,114.2449878956161,127.4000015258789,112.73114940664348,122.74732971191406,113.09437125345387,124.33333587646484,145538000,183079500
2020-08-20,115.3298110961914,133.45533752441406,115.44438550181255,134.79933166503906,112.85061914452253,123.80400085449219,112.86768515883944,124.04533386230469,126907200,309177000
2020-08-21,121.2730484008789,136.6653289794922,121.75815770513448,139.69932556152344,116.2805395387213,135.00332641601562,116.29272529875644,136.3173370361328,338054800,322344000
2020-08-24,122.72348022460938,134.27999877929688,125.57808696417352,141.93333435058594,120.85129254611644,128.50132751464844,125.49275690245359,141.7519989013672,345937600,300954000
2020-08-25,121.71670532226562,134.8893280029297,122.0628686712799,135.19667053222656,119.98834358364527,131.1999969482422,121.59238528346616,131.65933227539062,211495600,159883500
2020-08-26,123.3719482421875,143.54466247558594,123.83024591014328,144.39999389648438,121.96780346196795,136.90866088867188,123.03797806314277,137.3333282470703,163022400,213591000
2020-08-27,121.89710235595703,149.25,124.31047038391692,153.0399932861328,120.74891816931488,142.8333282470703,123.97650023718222,145.36399841308594,155552400,355395000
2020-08-28,121.69963073730469,147.55999755859375,123.29391171689831,154.5659942626953,121.47535476838321,145.76800537109375,122.87461898845491,153.00799560546875,187630000,301218000
2020-08-31,125.82676696777344,166.10667419433594,127.73796753250208,166.7133331298828,122.86247258851346,146.70333862304688,124.40313077627343,148.20333862304688,225702700,355123200
2020-09-01,130.83876037597656,158.35000610351562,131.44333179825284,167.49667358398438,127.27965542096419,156.836669921875,129.4541217539587,167.3800048828125,151948100,269523300
2020-09-02,128.12799072265625,149.1233367919922,134.54414333091748,159.67999267578125,123.83756147352996,135.0399932861328,134.16385535146685,159.663330078125,200119000,288528300
2020-09-03,117.86993408203125,135.6666717529297,125.6317192300971,143.93333435058594,117.49939923565937,134.0,123.74978578666541,135.7433319091797,257599600,262788300
2020-09-04,117.94794464111328,139.44000244140625,120.6197131497007,142.6666717529297,108.1287004650969,124.00666809082031,117.08010734336685,134.27000427246094,332607200,330965700
2020-09-08,110.01065063476562,110.06999969482422,116.02700868136228,122.913330078125,109.87413739256252,109.95999908447266,111.11250964380896,118.66666412353516,231366600,346397100
2020-09-09,114.39859008789062,122.09333038330078,116.17326959342994,123.0,112.38988895508609,113.836669921875,114.34008654092767,118.86666870117188,176940500,238397400
2020-09-10,110.66397094726562,123.77999877929688,117.4994162494611,132.99667358398438,109.69862512916494,120.1866683959961,117.36290300000906,128.73666381835938,182274400,254791800
2020-09-11,109.21105194091797,124.23999786376953,112.36062394434131,127.5,107.26085458483016,120.16666412353516,111.71705524591432,127.3133316040039,180860300,182152500
2020-09-14,112.48739624023438,139.8733367919922,113.0432022491566,140.0,109.9911457355189,124.43333435058594,111.8633336140555,126.98332977294922,140150100,249061800
2020-09-15,112.66291046142578,149.9199981689453,115.87098624147585,153.97999572753906,110.78096957645455,143.56666564941406,115.38343686650313,145.52000427246094,184642000,291894600
2020-09-16,109.33779907226562,147.25332641601562,113.11143318516581,152.59666442871094,109.2500437726085,145.10333251953125,112.3606105658123,146.6233367919922,154679000,216837900
2020-09-17,107.5924072265625,141.14332580566406,109.40609174489231,145.92999267578125,106.0029987247634,136.0,106.98785068006195,138.53334045410156,178011000,230337600
2020-09-18,104.17955017089844,147.38333129882812,108.11895013810333,150.3333282470703,103.4482260852904,142.93333435058594,107.65090688938564,149.31333923339844,287104900,259220400
2020-09-21,107.3388671875,149.79666137695312,107.44612864015869,151.89332580566406,100.53267495607115,135.69000244140625,101.93681947130294,151.0433349609375,195713800,328430400
2020-09-22,109.0257797241211,141.41000366210938,110.0496363016209,145.9199981689453,106.44177420460605,139.1999969482422,109.874118243747,143.1999969482422,183055400,238742400
2020-09-23,104.45256805419922,126.78666687011719,109.31830814093878,137.38333129882812,104.1112775817434,125.2933349609375,108.84051189467765,135.05332946777344,150718700,285222600
2020-09-24,105.52517700195312,129.26333618164062,107.50462606943356,133.1666717529297,102.38535816136529,117.0999984741211,102.55112314626282,121.26667022705078,167743300,289683300
2020-09-25,109.48410034179688,135.77999877929688,109.64011973249772,136.2433319091797,104.9888939391714,130.43333435058594,105.7299711661724,131.1566619873047,149981400,201625500
2020-09-28,112.09735107421875,140.39999389648438,112.44838721832883,142.69332885742188,109.97163550795793,138.51666259765625,112.1461089873391,141.5399932861328,137672400,149158800
2020-09-29,111.24903106689453,139.69000244140625,112.43865292735711,142.8333282470703,110.74198290705544,137.1999969482422,111.69758311216263,138.6666717529297,99382200,150657900
2020-09-30,112.92619323730469,143.00332641601562,114.34009100590049,144.64332580566406,110.79073185621964,140.1566619873047,110.95649687203007,140.44000244140625,142675200,144436800
2020-10-01,113.88178253173828,149.3866729736328,114.78862465587767,149.6266632080078,112.94568863575778,144.80667114257812,114.71061497135939,146.9199981689453,116120400,152224500
2020-10-02,110.20567321777344,138.3633270263672,112.49716155962612,146.3766632080078,109.42559856982317,138.3333282470703,110.07891304032773,140.4633331298828,144712000,214290000
2020-10-05,113.59899139404297,141.89332580566406,113.74525767771173,144.54666137695312,110.7224533860102,139.77667236328125,111.07348949105034,141.11666870117188,106243800,134168400
2020-10-06,110.3421859741211,137.9933319091797,113.2284775868128,142.92666625976562,109.45484247754938,135.35000610351562,112.81893042871084,141.26333618164062,161498200,147438900
2020-10-07,112.21436309814453,141.76666259765625,112.67266068936267,143.3000030517578,111.2880148454192,137.9499969482422,111.76581857721544,139.9566650390625,96849000,129383100
2020-10-08,112.10709381103516,141.97332763671875,113.50148518843807,146.3333282470703,111.73655156006717,141.76666259765625,113.3552189019724,146.14666748046875,83477200,121263300
2020-10-09,114.05731201171875,144.6666717529297,114.08656378648601,144.8633270263672,112.0583564226003,142.15333557128906,112.4093925986349,143.3766632080078,100506900,86777100
2020-10-12,121.3022689819336,147.43333435058594,122.06284470999873,149.5800018310547,116.30976140366856,146.19332885742188,117.0703371317337,147.3333282470703,240226800,116373300
2020-10-13,118.08446502685547,148.88333129882812,122.26763983658118,149.6300048828125,116.67057472065251,145.53334045410156,122.15062530057422,147.78334045410156,262330500,103391100
2020-10-14,118.17221069335938,153.76666259765625,119.96638868276364,155.3000030517578,116.64130607261743,149.11666870117188,117.98693956467062,149.92666625976562,150712000,143639100
2020-10-15,117.70417785644531,149.6266632080078,118.1819741959685,152.19000244140625,115.20792725389234,147.5,115.7637332845987,150.10333251953125,112559200,107017200
2020-10-16,116.05623626708984,146.55667114257812,118.52324206280414,151.98333740234375,115.85146644646449,146.28334045410156,118.25996126527711,151.47999572753906,115393800,98327700
2020-10-19,113.09195709228516,143.61000061035156,117.42139051387834,149.0,112.7799257876711,142.9566650390625,116.97284597845898,148.74667358398438,120639300,108863400
2020-10-20,114.5838623046875,140.64666748046875,116.01725873391653,143.9166717529297,112.75067179572477,139.68333435058594,113.3064778152816,143.9166717529297,124423700,94968900
2020-10-21,113.95980072021484,140.8800048828125,115.75397896154352,144.31666564941406,113.55025356563891,140.4166717529297,113.76477649436593,140.89999389648438,89946000,97111500
2020-10-22,112.86768341064453,141.92999267578125,115.10066050216787,148.41000366210938,111.7365652586778,141.50332641601562,114.52534835538113,147.30667114257812,101988000,119979600
2020-10-23,112.17536926269531,140.2100067138672,113.64777056546903,140.9633331298828,111.43429207568546,135.7933349609375,113.49175118318755,140.6133270263672,82572600,101151000
2020-10-26,112.18512725830078,140.0933380126953,113.64777555403136,141.9199981689453,110.06915706985596,136.6666717529297,111.1710235471979,137.2100067138672,111850700,84717600
2020-10-27,113.69650268554688,141.55999755859375,114.35957007435778,143.5,111.68780181918402,140.03334045410156,112.61414257382006,141.25332641601562,92276800,68059500
2020-10-28,108.43098449707031,135.33999633789062,112.55565572913613,139.53334045410156,108.33347610413212,135.3333282470703,112.1851208602056,138.82666015625,143937800,76354200
2020-10-29,112.4483871459961,136.94332885742188,114.01829672297495,139.35333251953125,109.40607637880336,135.48666381835938,109.57184881965813,136.65333557128906,146129200,67965900
2020-10-30,106.14924621582031,129.34666442871094,109.20130250137127,135.8633270263672,105.03763428104902,126.37000274658203,108.29446040306703,135.63333129882812,190272600,127533900
2020-11-02,106.06147766113281,133.50332641601562,107.92391966714173,135.66000366210938,104.64758758408,130.76666259765625,106.39301507304658,131.3333282470703,122866900,87063300
2020-11-03,107.6899185180664,141.3000030517578,108.71376783877459,142.58999633789062,106.0225003905584,135.56333923339844,106.9293426114221,136.57666015625,107624400,103055100
2020-11-04,112.08759307861328,140.32666015625,112.71165565418494,145.13333129882812,109.5523379354268,139.03334045410156,111.29776550877692,143.5399932861328,138235500,96429300
2020-11-05,116.06599426269531,146.02999877929688,116.64130635027131,146.6666717529297,113.95978499014568,141.3333282470703,115.01288590671425,142.76666259765625,126387100,85243500
2020-11-06,115.93415069580078,143.31666564941406,116.4323036892573,145.52333068847656,113.43358602193297,141.42666625976562,115.5727390073877,145.36666870117188,114457900,65118000
2020-11-09,113.61917114257812,140.4199981689453,119.1575178931427,150.8333282470703,113.35544353875275,140.3333282470703,117.70211621905518,146.5,154515300,104499000
2020-11-10,113.27729034423828,136.7866668701172,114.85967074705178,140.02999877929688,111.48000948330214,132.00999450683594,112.86704412515682,140.02999877929688,138023400,90852600
2020-11-11,116.715576171875,139.0433349609375,116.85232493510753,139.56666564941406,113.73639817031066,136.86000061035156,114.4689840243058,138.81666564941406,112295000,52073100
2020-11-12,116.44206237792969,137.25332641601562,117.7314130027431,141.0,115.81692313270185,136.5066680908203,116.84254616591035,138.35000610351562,103162300,59565300
2020-11-13,116.49092864990234,136.1666717529297,116.89140506897175,137.50999450683594,115.13320337049156,133.8866729736328,116.66674956497528,136.9499969482422,81581900,59313300
2020-11-16,117.50675964355469,136.02999877929688,118.1807334795776,137.48333740234375,115.40667896087977,134.69667053222656,116.15879706701332,136.30999755859375,91183000,80515800
2020-11-17,116.61788940429688,147.20333862304688,117.86816796066498,154.0,116.19787325311871,144.336669921875,116.7741779499669,153.38999938964844,74271000,183564900
2020-11-18,115.28946685791016,162.2133331298828,117.03790584258053,165.3333282470703,115.26016461858715,147.8333282470703,115.85600165898173,149.4499969482422,76322100,234132000
2020-11-19,115.88530731201172,166.42333984375,116.29555357911475,169.5366668701172,114.09779613817214,162.52333068847656,114.85968419200586,164.0,74113000,187425900
2020-11-20,114.61547088623047,163.20333862304688,116.01226791589127,167.5,114.5666363110203,163.02000427246094,115.88528907764832,165.99667358398438,73604300,98735700
2020-11-23,111.2065200805664,173.9499969482422,114.88898878015578,175.3333282470703,111.1088434668693,167.26333618164062,114.45920273719096,167.8333282470703,127959300,150780900
2020-11-24,112.4958724975586,185.1266632080078,113.16008391412161,186.663330078125,109.97577558304761,175.39999389648438,111.26513373188881,180.13333129882812,113874200,160945500
2020-11-25,113.33590698242188,191.3333282470703,114.0391905490455,191.3333282470703,112.49587466142678,181.7899932861328,112.86705623950492,183.35333251953125,76499200,146790600
2020-11-27,113.88288879394531,195.25332641601562,114.76199315028312,199.5933380126953,113.52148460740729,192.81666564941406,113.86335645369218,193.72000122070312,46691300,112683300
2020-11-30,116.28580474853516,189.1999969482422,118.16122286250574,202.60000610351562,114.09780949665367,184.836669921875,114.25409806560913,200.73666381835938,169410200,189009300
2020-12-01,119.87057495117188,194.9199981689453,120.60316075885692,199.28334045410156,117.22349912700635,190.68333435058594,118.20028020391975,199.19667053222656,127728200,120310500
2020-12-02,120.22220611572266,189.60667419433594,120.5054734972761,190.51333618164062,118.08305336151587,180.40333557128906,119.1868131981227,185.47999572753906,89004200,143327100
2020-12-03,120.08546447753906,197.7933349609375,120.90595698113327,199.6566619873047,119.37241103320297,194.14332580566406,120.65199182191449,196.67333984375,78967600,127656000
2020-12-04,119.41148376464844,199.67999267578125,120.0073208033349,199.67999267578125,118.69843031675794,195.1666717529297,119.75335564285018,197.00332641601562,78260400,88203900
2020-12-07,120.87664031982422,213.9199981689453,121.67760038587379,216.26333618164062,119.41146892200817,201.01666259765625,119.47007339320174,201.63999938964844,86712000,168929100
2020-12-08,121.49201965332031,216.6266632080078,122.07809422262514,217.0933380126953,120.23197125291128,206.1666717529297,121.48225720881356,208.50332641601562,82225500,192795000
2020-12-09,118.95240020751953,201.4933319091797,123.02557557317189,218.10667419433594,118.19051214801601,196.0,121.63854821088353,217.89666748046875,115089200,213873600
2020-12-10,120.37847900390625,209.02333068847656,120.99385575555011,209.25,117.36022952540422,188.77999877929688,117.70210135840246,191.4566650390625,81312200,201249600
2020-12-11,119.5677719116211,203.3300018310547,119.90964378868306,208.0,117.75095856237984,198.93333435058594,119.58730425363264,205.00332641601562,86939800,139425000
2020-12-14,118.95240020751953,213.27667236328125,120.48594622407741,214.25,118.71797483203729,203.39999389648438,119.75336040497812,206.3333282470703,79184500,156121800
2020-12-15,124.91075897216797,211.0833282470703,124.93029876658031,215.63333129882812,121.24783000590143,207.93333435058594,121.4529531337426,214.42666625976562,157243700,135214500
2020-12-16,124.8423843383789,207.58999633789062,125.3893793448256,210.8333282470703,123.62140801881179,201.6666717529297,124.45167787791586,209.41000366210938,98208600,126287400
2020-12-17,125.71172332763672,218.63333129882812,126.57129545645023,219.60667419433594,125.06704423102657,206.5,125.90707656477707,209.39666748046875,94359800,168810300
2020-12-18,123.7190933227539,231.6666717529297,126.10244150708998,231.6666717529297,123.19163065315914,209.51333618164062,125.96569275411149,222.96665954589844,192541500,666378600
2020-12-21,125.25264739990234,216.6199951171875,125.33079168337974,222.8333282470703,120.5836345197385,215.35667419433594,122.11718068479962,222.0800018310547,121251600,174135900
2020-12-22,128.81787109375,213.44667053222656,131.2891256020313,216.6266632080078,126.63963893467688,204.7433319091797,128.5541360749688,216.0,168904800,155148000
2020-12-23,127.91922760009766,215.32666015625,129.35508174785957,217.1666717529297,127.74339929548835,207.52333068847656,129.09136164768518,210.73333740234375,88223700,99519000
2020-12-24,128.9058074951172,220.58999633789062,130.36121675094694,222.02999877929688,128.05601267765476,213.6666717529297,128.27090571957586,214.3300018310547,54930100,68596800
2020-12-28,133.51620483398438,221.22999572753906,134.1511065581324,227.13333129882812,130.41003332778524,220.26666259765625,130.8788989655675,224.836669921875,124486200,96835800
2020-12-29,131.7384490966797,221.99667358398438,135.56742883965345,223.3000030517578,131.22075635748268,218.3333282470703,134.84462043635702,220.3333282470703,121047300,68732400
2020-12-30,130.6151580810547,231.5933380126953,132.83245515094322,232.1999969482422,130.3025810031429,222.7866668701172,132.43197135905453,224.0,96452100,128538000
2020-12-31,129.60906982421875,235.22332763671875,131.61147380180907,239.57333374023438,128.66159108708325,230.3733367919922,130.9667947818931,233.3300018310547,99116600,148949700
2021-01-04,126.40523529052734,243.2566680908203,130.50771259087762,248.163330078125,123.8167640988133,239.06333923339844,130.4198058762155,239.82000732421875,143301900,145914600
2021-01-05,127.96807861328125,245.0366668701172,128.68113950331986,246.94667053222656,125.4479817429498,239.73333740234375,125.89730757907694,241.22000122070312,97664900,96735600
2021-01-06,123.66048431396484,251.9933319091797,128.00716462914988,258.0,123.44559128213457,249.6999969482422,124.75448181589701,252.8300018310547,155088000,134100000
2021-01-07,127.88018798828125,272.0133361816406,128.57370917153938,272.3299865722656,124.89124001616409,258.3999938964844,125.37963059734658,259.2099914550781,109578200,154496700
2021-01-08,128.9839324951172,293.3399963378906,129.55046725691102,294.8299865722656,127.20618394212671,279.46331787109375,129.35509913564104,285.3333435058594,105158200,225166500
2021-01-11,125.9852294921875,270.39666748046875,127.14760145406545,284.80999755859375,125.51637870995441,267.8733215332031,126.1903600931944,283.1333312988281,100384500,177904800
2021-01-12,125.80939483642578,283.14666748046875,126.67872932371974,289.3333435058594,123.91443732593233,275.7799987792969,125.51635755772662,277.0,91951100,138812100
2021-01-13,127.85088348388672,284.8033447265625,128.39787854041427,286.8233337402344,125.5066146974837,277.3333435058594,125.77033487541826,284.2533264160156,88636800,99937500
2021-01-14,125.9168472290039,281.6666564941406,127.95831602204765,287.6666564941406,125.77032113055597,279.5833435058594,127.76296279527958,281.1300048828125,90221800,93798900
2021-01-15,124.18795013427734,275.38665771484375,127.1964377514296,286.6333312988281,124.05120137461118,273.0333251953125,125.78987056372236,284.0,111598500,116332800
2021-01-19,124.86193084716797,281.51666259765625,125.72150299180522,283.3333435058594,123.99259625706779,277.6666564941406,124.8130888108596,279.26666259765625,90757300,76101000
2021-01-20,128.96441650390625,283.48333740234375,129.41374239946222,286.5,125.56522221027927,279.09332275390625,125.67266873501019,286.2466735839844,104319500,76997700
2021-01-21,133.69200134277344,281.663330078125,136.42699093223655,285.239990234375,130.48816107938626,280.47332763671875,130.69329163300603,285.0,120150900,61563300
2021-01-22,135.84092712402344,282.21331787109375,136.6028150348242,282.6666564941406,131.88496149210033,276.2066650390625,133.11570006235684,278.10333251953125,114459400,60199500
2021-01-25,139.60153198242188,293.6000061035156,141.72114486140973,300.1333312988281,133.36966473426315,279.6066589355469,139.74805806803522,285.0,157611700,123520200
2021-01-26,139.8359832763672,294.36334228515625,140.94951311366867,298.6333312988281,138.08753679306704,290.5333251953125,140.26576933716714,297.1266784667969,98390600,69394800
2021-01-27,138.7615203857422,288.0533447265625,140.94951541070097,297.1666564941406,137.14983753597352,286.2200012207031,140.09970572045313,290.1166687011719,140843800,82002000
2021-01-28,133.90689086914062,278.4766540527344,138.6931262527624,282.6666564941406,133.52594691185897,267.0,136.28047622181393,273.3333435058594,142621100,79134000
2021-01-29,128.89601135253906,264.510009765625,133.56502276186197,280.8033447265625,127.18664481426623,260.0333251953125,132.67614858488167,276.6666564941406,177523800,104972400
2021-02-01,131.02540588378906,279.9366760253906,132.2366197184336,280.6666564941406,127.88993224067084,265.1866760253906,130.6444618808397,271.42999267578125,106239800,76174200
2021-02-02,131.8556671142578,290.92999267578125,133.14501023071227,293.5,131.4844855801371,280.73333740234375,132.57847548555233,281.55999755859375,83305400,73038600
2021-02-03,130.830078125,284.89666748046875,132.6175895343007,292.6933288574219,130.5077385359951,284.35333251953125,132.60781218328634,292.3399963378906,89880900,55030500
2021-02-04,134.19996643066406,283.3299865722656,134.2097288768962,285.5,131.4649761313631,277.8066711425781,133.13527851593736,285.0,84183100,47438100
2021-02-05,133.7841796875,284.07666015625,134.42982206884446,288.25665283203125,132.9037691142245,279.65667724609375,134.36135298845358,281.6666564941406,75693800,55699800
2021-02-08,133.93092346191406,287.8066711425781,133.97983847702403,292.5899963378906,131.98421930396577,284.9166564941406,133.0700669616327,289.8900146484375,71297200,60485100
2021-02-09,133.05047607421875,283.1533203125,134.87979583626688,286.6000061035156,132.89396894909677,280.5833435058594,133.64720333611686,285.0400085449219,76774200,45473100
2021-02-10,132.4440155029297,268.2733459472656,134.0092066849529,281.6066589355469,131.47555177979126,266.67333984375,133.5102943457137,281.21331787109375,73046600,108648300
2021-02-11,132.1896209716797,270.5533447265625,133.42219841759544,276.6266784667969,130.85921352176112,267.24334716796875,132.94285528080232,270.8133239746094,64280000,64868400
2021-02-12,132.4244384765625,272.0400085449219,132.58096057062542,272.4433288574219,130.78100126920737,261.77667236328125,131.4266437121405,267.086669921875,60145100,71304900
2021-02-16,130.29185485839844,265.40667724609375,133.05048531230534,273.6666564941406,129.90054970151292,264.14666748046875,132.5418109985024,272.6666564941406,80576300,59406900
2021-02-17,127.99301147460938,266.04998779296875,129.3429884368885,266.61334228515625,126.65282647260507,254.00332641601562,128.39409374989066,259.6966552734375,97918500,77989500
2021-02-18,126.8875961303711,262.4599914550781,127.17127933958186,264.89666748046875,124.63763974131737,258.75665283203125,126.38868386598486,260.29998779296875,96856700,53871300
2021-02-19,127.04412841796875,260.4333190917969,127.86586203753853,265.5966796875,125.99741851978176,259.1233215332031,127.40608766559274,265.0,87668800,56874900
2021-02-22,123.25833129882812,238.1666717529297,126.89738798845885,256.1666564941406,122.86703351631368,236.73333740234375,125.22458978162501,254.2133331298828,103916400,111809100
2021-02-23,123.12137603759766,232.94667053222656,123.95287914625916,237.8699951171875,115.81391675875304,206.3333282470703,121.067072044615,220.7100067138672,158273000,199820700
2021-02-24,122.62247467041016,247.33999633789062,122.82790432920568,248.3333282470703,119.5703683530087,231.38999938964844,122.22139984991924,237.28334045410156,111039900,110301000
2021-02-25,118.3573226928711,227.4066619873047,123.70829972436195,245.73666381835938,117.91711742835099,223.52667236328125,121.96703273011528,242.0500030517578,148199500,117071700
2021-02-26,118.6214599609375,225.1666717529297,122.13334021289873,235.56666564941406,118.56276044849312,219.836669921875,119.92251431654658,233.3333282470703,164560400,123267600
2021-03-01,125.00936889648438,239.47666931152344,125.14632198530556,239.6666717529297,120.11816582891734,228.35000610351562,121.05727592228418,230.0366668701172,116307900,81408600
2021-03-02,122.39746856689453,228.81333923339844,125.91913329199494,240.3699951171875,122.28986150205843,228.3333282470703,125.61588108930245,239.42666625976562,102260900,71196600
2021-03-03,119.404052734375,217.73333740234375,122.97463264092775,233.56666564941406,119.18883859473966,217.23666381835938,122.09421455304867,229.3300018310547,112966300,90624000
2021-03-04,117.51605987548828,207.14666748046875,120.91055650866424,222.81666564941406,116.038921700727,200.0,119.10081259436319,218.60000610351562,178155000,197758500
2021-03-05,118.77799224853516,199.31666564941406,119.28668162734432,209.27999877929688,115.01176678475495,179.8300018310547,118.34757138575598,208.68666076660156,153766600,268189500
2021-03-08,113.82808685302734,187.6666717529297,118.36712304031239,206.7100067138672,113.68134925740799,186.26333618164062,118.29864649080791,200.18333435058594,154376600,155361000
2021-03-09,118.45516967773438,224.52667236328125,119.40406440612611,226.02999877929688,116.20522041475961,198.40333557128906,116.43999610668205,202.72666931152344,129525800,202569900
2021-03-10,117.36931610107422,222.68666076660156,119.51165804272296,239.28334045410156,116.85084228896541,218.35333251953125,119.04210671169741,233.43333435058594,111943300,181817100
2021-03-11,119.30622863769531,233.1999969482422,120.52902944875325,234.1666717529297,118.62146316885641,225.72666931152344,119.87361000523832,233.13333129882812,103026500,108761700
2021-03-12,118.3964614868164,231.2433319091797,118.5334145770574,231.6266632080078,116.5671562971472,222.04666137695312,117.78017258073191,223.3333282470703,88105100,100751400
2021-03-15,121.29205322265625,235.97999572753906,121.30183771867131,237.72666931152344,117.79973448364598,228.01333618164062,118.76819807777808,231.3633270263672,92403800,88006800
2021-03-16,122.83767700195312,225.6266632080078,124.45177555241284,235.97332763671875,122.0061739497114,223.6666717529297,122.96484559847543,234.4499969482422,115227900,96587100
2021-03-17,122.0453109741211,233.93666076660156,123.12137424397079,234.57666015625,119.67796282439072,217.00332641601562,121.35076097755098,218.9566650390625,111932600,121117500
2021-03-18,117.9073486328125,217.72000122070312,120.49968794214433,229.7433319091797,117.70191898445727,217.3333282470703,120.20621275113163,228.09666442871094,121229700,99674400
2021-03-19,117.37908172607422,218.2899932861328,118.7877505090129,219.07666015625,117.07582954328501,208.2066650390625,117.29104365883211,215.53334045410156,185549500,128682000
2021-03-22,120.70512390136719,223.3333282470703,121.17468273886081,233.2066650390625,117.64323308239008,222.9166717529297,117.71170963542201,228.19667053222656,111912300,118536600
2021-03-23,119.87361907958984,220.72000122070312,121.53662532316353,225.93333435058594,119.48232129775354,219.1699981689453,120.6464301462858,225.2566680908203,95467100,91475700
2021-03-24,117.47691345214844,210.08999633789062,120.22577469235176,222.67333984375,117.45735192347425,210.0366668701172,120.14751365088765,222.6366729736328,88530500,101385600
2021-03-25,117.9660415649414,213.4633331298828,119.01276627110943,215.1666717529297,116.41064244577936,203.1666717529297,116.93889331550916,204.3333282470703,98844700,117674700
2021-03-26,118.57255554199219,206.23666381835938,118.8366847131395,214.60667419433594,116.3323834208923,199.9633331298828,117.731267934474,213.9566650390625,94071200,101558400
2021-03-29,118.7486343383789,203.76333618164062,119.91274312400247,205.4933319091797,118.10299937711603,198.67333984375,119.00297900233532,205.2133331298828,80819200,85911000
2021-03-30,117.29104614257812,211.8733367919922,117.78016642885794,212.55332946777344,116.2736750515101,197.00332641601562,117.49647576720966,200.5833282470703,85671900,118297200
2021-03-31,119.49209594726562,222.64332580566406,120.83228085062457,224.0,118.51385530498492,213.70333862304688,119.00297562612528,215.5399932861328,118323800,100011900
2021-04-01,120.3236083984375,220.5833282470703,121.47793274502293,230.80667114257812,119.82470354215977,219.80667114257812,120.96925085519509,229.4566650390625,75089100,105895200
2021-04-05,123.16049194335938,230.35000610351562,123.41483658685715,236.05332946777344,120.3920692786332,228.23333740234375,121.17466473706477,235.90333557128906,88651200,125528400
2021-04-06,123.4637222290039,230.5399932861328,124.36370162212499,232.18333435058594,122.91590998334448,227.1233367919922,123.74741284575813,230.10000610351562,80171300,84815400
2021-04-07,125.11699676513672,223.6566619873047,125.13655829677086,230.4600067138672,122.41705013315294,222.6133270263672,123.09203865699509,229.0,83466700,78928200
2021-04-08,127.5234603881836,227.93333435058594,127.55280641553438,229.85000610351562,125.72350105241503,223.88333129882812,126.14413739562202,225.7933349609375,88844600,71772900
2021-04-09,130.1060028076172,225.67333984375,130.14512586474413,226.99000549316406,126.65281460393234,223.14332580566406,126.97563580060692,225.92333984375,106686700,64311300
2021-04-12,128.38430786132812,233.9933319091797,129.9592758997672,234.93333435058594,127.78758046970171,227.3633270263672,129.6364546951069,228.56666564941406,91420000,87407100
2021-04-13,131.50489807128906,254.10667419433594,131.72990419313948,254.3333282470703,129.059296173719,236.8866729736328,129.5582085139557,237.56666564941406,91266500,133958400
2021-04-14,129.15711975097656,244.07666015625,132.06249585390395,260.2633361816406,128.79517546483183,242.67666625976562,132.0038037995852,256.8999938964844,87222800,147052200
2021-04-15,131.5733642578125,246.28334045410156,132.06248457103857,247.89666748046875,130.73207672199297,240.43666076660156,130.90816779667338,247.6999969482422,89347100,83546700
2021-04-16,131.24078369140625,246.5933380126953,131.73968110440896,249.80332946777344,130.37992704769707,241.53334045410156,131.37773680047187,242.88333129882812,84922400,83938500
2021-04-19,131.90599060058594,238.2100067138672,132.5222871031633,241.8000030517578,130.43862934817926,230.60000610351562,130.60492849890622,239.86666870117188,94264200,119058600
2021-04-20,130.213623046875,239.663330078125,132.5809638018916,245.75,128.9419071234644,236.89666748046875,132.0820664075215,239.13999938964844,94812300,106827000
2021-04-21,130.59512329101562,248.0399932861328,130.8396834469913,248.27999877929688,128.44299690378307,232.6666717529297,129.4799295768372,234.92333984375,68847100,93646500
2021-04-22,129.06906127929688,239.89666748046875,131.23096454793503,251.2566680908203,128.55059497902982,239.34666442871094,130.14511693427332,247.1666717529297,84566500,106770900
2021-04-23,131.3972930908203,243.13333129882812,132.17987368023367,245.7866668701172,129.2842896751612,238.48666381835938,129.2842896751612,239.93333435058594,78657500,85110000
2021-04-26,131.78855895996094,246.06666564941406,132.121157141495,249.76666259765625,130.65379641815227,244.20333862304688,131.89616601007668,247.0,66905100,93115500
2021-04-27,131.46575927734375,234.913330078125,132.46356891164857,241.3333282470703,131.1918530917334,234.4499969482422,132.07226369879982,239.32000732421875,66015800,88311000
2021-04-28,130.6733856201172,231.46665954589844,132.0820545207044,236.1666717529297,130.18426530334483,231.1999969482422,131.38749710310995,232.1366729736328,107760100,66813000
2021-04-29,130.57557678222656,225.6666717529297,134.08747257107711,234.0833282470703,129.56798996025657,222.8333282470703,133.50052212496433,233.1699981689453,151101000,86536200
2021-04-30,128.59951782226562,236.47999572753906,130.65381415781053,238.49000549316406,128.21800457946676,222.04666137695312,128.91254705716273,222.52999877929688,109839500,122276100
2021-05-03,129.65599060058594,228.3000030517578,131.15271231319818,235.3333282470703,128.9614481976195,226.8333282470703,129.16687034568793,234.60000610351562,75135100,81129300
2021-05-04,125.06805419921875,224.53334045410156,128.6288567066615,227.81666564941406,123.94307606167955,219.23333740234375,128.3353815530832,226.31333923339844,137564700,89217900
2021-05-05,125.31263732910156,223.64666748046875,127.61149397563412,228.43333435058594,125.18546126388162,222.44667053222656,126.38869312319078,227.02000427246094,84000900,65705700
2021-05-06,126.91695404052734,221.17999267578125,126.92673107390986,227.0066680908203,124.36373774806538,216.6666717529297,125.10720277127093,226.9199981689453,78128300,83353800
2021-05-07,127.59308624267578,224.1233367919922,128.62197170549905,230.0,126.87774679152785,220.07333374023438,128.2202231223944,221.93333435058594,78973300,70407600
2021-05-10,124.30059814453125,209.67999267578125,126.9365300969227,221.68333435058594,124.26140115764763,209.20333862304688,126.80915297265736,221.63333129882812,88071200,94177200
2021-05-11,123.37950134277344,205.73333740234375,123.73225929039904,209.03334045410156,120.30260126371391,198.53334045410156,121.01793322731803,199.74667358398438,126142800,139511700
2021-05-12,120.3026123046875,196.6300048828125,122.13503245278615,206.80332946777344,119.79306635485392,195.58999633789062,120.9199555908277,200.8300018310547,112172300,101470800
2021-05-13,122.45838928222656,190.56333923339844,123.61467427312743,202.15333557128906,121.76265955967637,186.5500030517578,122.07622799062943,200.51333618164062,105861300,132554700
2021-05-14,124.88853454589844,196.5800018310547,125.31969391364765,197.6233367919922,123.32069249416574,190.15333557128906,123.71265487611407,194.47000122070312,81918000,100112700
2021-05-17,123.73225402832031,192.27667236328125,124.37899310292869,196.57666015625,122.65436304670058,187.06666564941406,124.27120325716062,191.85000610351562,74244600,97171200
2021-05-18,122.3407974243164,192.6233367919922,124.4377876927737,198.75,122.2722045641729,187.7933349609375,124.01642941587465,189.3333282470703,63342900,110491800
2021-05-19,122.18402099609375,187.82000732421875,122.40939434000599,188.73666381835938,120.39079798085203,182.32666015625,120.68477166324163,184.18333435058594,92612000,118735200
2021-05-20,124.75135040283203,195.5933380126953,125.15311390529939,196.28334045410156,122.58576737350162,190.35667419433594,122.7131594479721,191.6666717529297,76857100,92463300
2021-05-21,122.9091567993164,193.6266632080078,125.4275056368896,198.89332580566406,122.6935770778331,193.3333282470703,125.25112290804525,198.70333862304688,79295400,78091800
2021-05-24,124.54556274414062,202.14666748046875,125.36868444413138,204.82666015625,123.40888012879931,191.21665954589844,123.47747298079354,193.86666870117188,63092900,103674300
2021-05-25,124.34959411621094,201.56333923339844,125.74106096052154,204.663330078125,123.78124903022919,198.57000732421875,125.25110237090293,202.43666076660156,72009500,84017700
2021-05-26,124.30059814453125,206.3766632080078,124.82974625336892,208.72332763671875,123.87923988060832,200.5,124.40838798944601,202.52000427246094,56575900,85917900
2021-05-27,122.76214599609375,210.28334045410156,125.07471577819632,210.3766632080078,122.5661685471944,205.40333557128906,123.89883613267928,206.74667358398438,94625600,79111800
2021-05-28,122.10562896728516,208.4066619873047,123.27171512304146,211.8633270263672,122.04683722029289,207.4600067138672,123.0463342994687,209.5,71311100,68211000
2021-06-01,121.7822494506836,207.96665954589844,122.83074455067667,211.26666259765625,121.44908627688243,206.85000610351562,122.56617423477933,209.26666259765625,67637100,54254700
2021-06-02,122.54658508300781,201.7066650390625,122.72296780445203,207.7866668701172,121.55688909562903,199.7133331298828,121.7822624487701,206.7100067138672,59278900,69908400
2021-06-03,121.05712890625,190.94667053222656,122.34079850429373,201.51666259765625,120.65536538181918,190.4066619873047,122.17421691048338,200.60000610351562,76229200,90335700
2021-06-04,123.35987854003906,199.68333435058594,123.62445630171639,200.20333862304688,121.36087729783465,192.39999389648438,121.576456962591,193.23666381835938,75169300,72110700
2021-06-07,123.36969757080078,201.7100067138672,123.78125473088885,203.3333282470703,122.32120243854156,194.2933349609375,123.63426789483995,197.27667236328125,71057600,67631100
2021-06-08,124.19281005859375,201.19667053222656,125.8782506142176,207.69667053222656,123.67346305813653,198.5,124.05562434058848,207.6699981689453,74403800,78160200
2021-06-09,124.57498168945312,199.5933380126953,125.18252383113118,203.92999267578125,123.97724066446416,199.2100067138672,124.65337567084285,200.72332763671875,56877900,49753800
2021-06-10,123.57548522949219,203.3733367919922,125.61368389975463,205.52999877929688,123.40890362522711,200.1666717529297,124.46719247519351,201.2933349609375,71186400,71758800
2021-06-11,124.7905502319336,203.29666137695312,124.87874532211927,204.18666076660156,123.56567241757213,200.5066680908203,123.98703068475491,203.41000366210938,53522400,48615900
2021-06-14,127.85765075683594,205.89666748046875,127.91644250380197,208.49667358398438,124.51618772718142,203.05999755859375,125.2511144685025,204.07666015625,96906500,61272000
2021-06-15,127.0345230102539,199.7866668701172,127.97523571896205,205.59666442871094,126.78954745562504,199.41000366210938,127.32849666623278,205.56333923339844,62746300,53292300
2021-06-16,127.53428649902344,201.6233367919922,128.25941963004072,202.8333282470703,125.87826406617567,197.8333282470703,127.74986621494416,199.17999267578125,91815000,66432300
2021-06-17,129.14129638671875,205.53334045410156,129.88603158210103,207.1566619873047,127.04430640625819,200.44667053222656,127.19130069845629,200.6300048828125,96721700,68104200
2021-06-18,127.83805084228516,207.77000427246094,128.86693621675641,209.4499969482422,127.62247115663257,203.93333435058594,128.0830263985157,204.4566650390625,108953300,73682700
2021-06-21,129.6410675048828,206.94332885742188,129.74885734783985,210.4633331298828,126.61317321470958,202.9600067138672,127.68126305266121,208.16000366210938,79663300,74438100
2021-06-22,131.2873077392578,207.90333557128906,131.38530395142936,209.52333068847656,128.9747376819625,205.1666717529297,129.47449743106563,206.0833282470703,74783600,57476700
2021-06-23,131.01295471191406,218.85667419433594,131.62050439899582,219.06666564941406,130.55239936376128,210.01333618164062,131.08155506050588,210.6666717529297,60214200,93297600
2021-06-24,130.72877502441406,226.60667419433594,131.9340507183845,232.5399932861328,130.25841113476253,222.5366668701172,131.74786688107946,224.99667358398438,68711000,137947200
2021-06-25,130.43482971191406,223.9566650390625,131.19915250874814,231.27000427246094,130.1408559549487,222.89999389648438,130.77780158706136,229.86000061035156,70783700,97490100
2021-06-28,132.0712432861328,229.57333374023438,132.53179860685148,231.56666564941406,130.66999004165285,223.44000244140625,130.72878179287244,223.8800048828125,62111300,64884600
2021-06-29,133.59007263183594,226.9199981689453,133.7468605769358,229.1699981689453,131.64987040561977,225.29666137695312,132.09082341810688,228.21665954589844,64556100,52143900
2021-06-30,134.20742797851562,226.56666564941406,134.6483810309489,230.93666076660156,133.13932308886885,226.04666137695312,133.43329677453198,226.58999633789062,63261400,56774700
2021-07-01,134.51121520996094,225.97332763671875,134.5700069653692,229.3300018310547,133.03155292227007,224.26666259765625,133.8546823543605,227.97332763671875,52485800,55903500
2021-07-02,137.14712524414062,226.3000030517578,137.18631475513712,233.3333282470703,134.9815346965724,224.4199981689453,135.12851405296138,226.32666015625,78852600,81163500
2021-07-06,139.1657257080078,219.86000061035156,140.27300511470358,228.0,137.25491925633426,217.13333129882812,137.25491925633426,227.23666381835938,108181800,69853500
2021-07-07,141.66445922851562,214.88333129882812,141.97802013748654,221.89999389648438,139.7928425569442,212.77333068847656,140.65514627070422,221.42333984375,104911600,56376000
2021-07-08,140.36117553710938,217.60333251953125,141.16468744594064,218.14332580566406,137.8428200823999,206.82000732421875,138.73453453966331,209.4566650390625,105575500,68319900
2021-07-09,142.19363403320312,218.98333740234375,142.72277473602026,219.6366729736328,139.78306761517845,214.89666748046875,139.8810638333893,217.72666931152344,99890800,54421500
2021-07-12,141.5958709716797,228.56666564941406,143.3793001913862,229.0800018310547,141.10591986105104,220.72000122070312,143.27151034896303,220.73333740234375,76299700,77781000
2021-07-13,142.7129364013672,222.84666442871094,144.49636533984406,231.0933380126953,140.74333862999035,222.10000610351562,141.13529347583724,228.77333068847656,100827100,62898300
2021-07-14,146.1524200439453,217.7933349609375,146.56399216212412,226.20333862304688,144.7119624866864,217.6133270263672,145.12353460486517,223.5833282470703,127050800,64923600
2021-07-15,145.4958953857422,216.86666870117188,146.98535113045864,222.04666137695312,144.1338317300182,212.6266632080078,146.24063073416198,219.4633331298828,106820300,60628800
2021-07-16,143.44790649414062,214.74000549316406,146.75017267674576,218.89999389648438,142.94816167117358,214.06666564941406,145.47631156501131,218.22666931152344,93251400,49113000
2021-07-19,139.5870819091797,215.4066619873047,141.17453382837715,215.73333740234375,138.82275929894942,207.09666442871094,140.86095791027103,209.9633331298828,121434600,63891300
2021-07-20,143.21273803710938,220.1666717529297,144.14365733248744,220.79666137695312,140.0868617606487,213.5,140.57681298890034,217.3300018310547,96350000,46461300
2021-07-21,142.47779846191406,218.42999267578125,143.19313795676365,221.6199951171875,141.7232844033651,216.76333618164062,142.6051905545548,219.8699951171875,74993500,41859900
2021-07-22,143.8496551513672,216.4199981689453,145.22151233826582,220.72332763671875,142.87954652855333,214.86666870117188,143.00693860738033,218.81333923339844,77338200,45317100
2021-07-23,145.5742645263672,214.4600067138672,145.73105246266147,216.26666259765625,143.96722555965206,212.43333435058594,144.5845687137355,215.45333862304688,71447400,43814700
2021-07-26,145.99566650390625,219.2066650390625,146.81878094574583,222.73333740234375,144.73158401268006,215.70333862304688,145.2901355674368,216.99000549316406,72434100,76009800
2021-07-27,143.82025146484375,214.92666625976562,146.2112152481958,222.1666717529297,142.62476957316773,209.0800018310547,146.12301268573492,221.13333129882812,104818600,98439900
2021-07-28,142.06619262695312,215.66000366210938,144.01620305633568,218.32333374023438,139.67522927292944,213.13333129882812,141.8996110755162,215.6666717529297,118931200,48019800
2021-07-29,142.7129364013672,225.78334045410156,143.60465087060564,227.89666748046875,141.6742426029659,216.26666259765625,141.78203242839163,216.59666442871094,56699500,91183800
2021-07-30,142.92852783203125,229.06666564941406,143.38908303752456,232.50999450683594,141.2136990739111,223.0,141.478276840329,223.9199981689453,70440600,88969200
2021-08-02,142.59536743164062,236.55667114257812,143.99662035248164,242.31333923339844,142.33078966013647,232.8000030517578,143.418481662853,233.3333282470703,62880000,100847400
2021-08-03,144.3983917236328,236.5800018310547,145.0647180561516,240.88333129882812,142.2621971091317,233.6699981689453,142.87954029235215,239.6666717529297,64786600,64860900
2021-08-04,143.9966278076172,236.97332763671875,144.81974208144462,241.63333129882812,143.34009511643663,236.30999755859375,144.3102036940969,237.0,56368300,51007800
2021-08-05,144.1044158935547,238.2100067138672,144.8687384173836,240.31666564941406,143.232303529077,237.1366729736328,144.02602192289004,238.6666717529297,46397700,38758800
2021-08-06,143.41746520996094,233.03334045410156,144.36939566640558,238.77667236328125,142.91697171230874,232.5433349609375,143.62355957636092,237.3000030517578,54126800,46869000
2021-08-09,143.36839294433594,237.9199981689453,143.9670294656135,239.67666625976562,142.80901962336827,235.0433349609375,143.47634428340314,236.72332763671875,48908700,44145900
2021-08-10,142.88754272460938,236.663330078125,144.9582349617114,238.8633270263672,142.59312859632232,233.9600067138672,143.71189030419347,237.99667358398438,69023100,40296900
2021-08-11,143.14266967773438,235.94000244140625,143.98664871773903,238.39332580566406,142.81881568830585,234.73666381835938,143.32913242690734,237.57000732421875,48493500,29401800
2021-08-12,146.11624145507812,240.75,146.27326431640063,240.93333435058594,143.12305867466128,233.13333129882812,143.46654431198874,235.44667053222656,72282600,52377300
2021-08-13,146.3223419189453,239.05667114257812,146.6560042822418,243.3000030517578,145.5078026382922,238.1133270263672,146.19475896699817,241.23666381835938,59375000,50194500
2021-08-16,148.30467224121094,228.72332763671875,148.37337534872952,236.5,143.74130641918998,225.46665954589844,145.77273511641434,235.02333068847656,103296000,68032200
2021-08-17,147.39202880859375,221.90333557128906,148.85426118078644,224.86000061035156,146.31251533457103,216.27999877929688,147.4312770374107,224.22000122070312,92229700,71163900
2021-08-18,143.6333770751953,229.663330078125,147.91215275914686,231.92333984375,143.4272826956147,223.11666870117188,147.00929375834372,223.25,86326000,61048200
2021-08-19,143.967041015625,224.49000549316406,145.24282558662867,228.85000610351562,141.80802903559353,222.52999877929688,142.3281541725026,226.07000732421875,86960300,42940500
2021-08-20,145.42930603027344,226.75332641601562,145.7335285086771,230.7100067138672,144.04556994347644,224.56666564941406,144.69327810851246,227.61666870117188,60549600,44525700
2021-08-23,146.9209747314453,235.43333435058594,147.3920283484006,237.3766632080078,145.1348733480979,226.9166717529297,145.54704713474933,228.47999572753906,60131800,60794700
2021-08-24,146.83262634277344,236.163330078125,148.0495309623608,238.4066619873047,146.37138108229806,234.2133331298828,146.6657951809347,236.89332580566406,48606400,39249300
2021-08-25,145.5961151123047,237.06666564941406,147.51960771111226,238.99000549316406,145.04655007679514,234.6666717529297,147.01909921664708,235.67666625976562,58991300,37936800
2021-08-26,144.79135131835938,233.72000122070312,146.3419180163002,238.46665954589844,144.76191141060588,232.5399932861328,145.58627375126608,236.10333251953125,48597200,39642900
2021-08-27,145.8316650390625,237.30667114257812,145.97886462702738,238.3333282470703,144.0946350284485,234.03334045410156,144.73251987566385,235.0,55802400,41501400
2021-08-30,150.2674560546875,243.6366729736328,150.63057334625535,243.6666717529297,145.84148019931877,237.57666015625,146.22421412051892,238.24000549316406,90956700,55812600
2021-08-31,149.00148010253906,245.24000549316406,149.953410655414,246.79666137695312,148.4715316635546,242.14666748046875,149.81601938873746,244.3333282470703,86453100,62566200
2021-09-01,149.6688232421875,244.69667053222656,152.09280979667415,247.3300018310547,149.50199203888408,243.7566680908203,149.9828690186599,244.69332885742188,80313700,39612900
2021-09-02,150.7875518798828,244.1300048828125,151.8376253671697,246.99000549316406,149.560838913159,243.51333618164062,151.00345455998809,244.8333282470703,71115500,38331900
2021-09-03,151.42544555664062,244.52333068847656,151.749299563858,244.6666717529297,150.23798086351027,241.39999389648438,150.89549719045843,244.0833282470703,57808700,45738300
2021-09-07,153.7709503173828,250.97332763671875,154.33032373118607,253.39999389648438,151.51379510970494,246.4199981689453,152.08299181247767,246.6666717529297,82278300,60119400
2021-09-08,152.22036743164062,251.2899932861328,154.11440516674327,254.81666564941406,151.11141405800635,246.92333984375,154.05552533708556,253.86000061035156,74420200,56379000
2021-09-09,151.19973754882812,251.6199951171875,153.20172648114232,254.03334045410156,151.08196292373444,250.5433349609375,152.59328165383056,251.1366729736328,57305700,42233100
2021-09-10,146.19476318359375,245.42333984375,152.58347968661215,254.20333862304688,145.92978895826295,244.83999633789062,152.11242604398817,253.1999969482422,140893200,45552600
2021-09-13,146.7639617919922,247.6666717529297,148.5991198416723,248.25999450683594,145.97886239429423,236.28334045410156,147.82384373270557,246.73666381835938,102404300,68857500
2021-09-14,145.360595703125,248.163330078125,148.25565069827465,251.49000549316406,144.17314576723558,245.46665954589844,147.54906273042073,247.52333068847656,109296300,55574700
2021-09-15,146.25360107421875,251.94332885742188,146.65596645386233,252.2866668701172,143.6431527239491,246.1199951171875,145.7923558779485,248.3333282470703,83281300,46073100
2021-09-16,146.01806640625,252.3300018310547,146.1947208301345,252.97000122070312,144.47732296911346,249.20333862304688,145.67459581875838,250.94332885742188,68034100,41770200
2021-09-17,143.33895874023438,253.163330078125,146.04755063760766,253.67999267578125,143.04454462427765,250.0,146.04755063760766,252.38333129882812,129868800,84612600
2021-09-20,140.27711486816406,243.38999938964844,142.14171300384132,247.3333282470703,138.63822777586256,239.5399932861328,141.12109417657655,244.85333251953125,123478900,74273100
2021-09-21,140.75794982910156,246.4600067138672,141.90616637912737,248.24667358398438,140.1200650564419,243.47999572753906,141.24863503100102,244.92999267578125,75834000,48992100
2021-09-22,143.1328887939453,250.64666748046875,143.70207048798758,251.22332763671875,141.0229333023473,246.3733367919922,141.75896115358555,247.8433380126953,76404300,45378900
2021-09-23,144.09461975097656,251.2133331298828,144.33996235458966,252.73333740234375,142.92678656185444,249.30667114257812,143.9179652896226,251.6666717529297,64838200,35842500
2021-09-24,144.18292236328125,258.1300048828125,144.7226790220036,258.26666259765625,142.8482581592234,248.18666076660156,142.94640117881744,248.6300048828125,53477900,64119000
2021-09-27,142.66183471679688,263.78668212890625,143.24085473271322,266.3333435058594,141.14072231560772,256.4366760253906,142.75997776343394,257.7066650390625,74150700,84212100
2021-09-28,139.26626586914062,259.1866760253906,142.05335398733837,265.21331787109375,139.0503632005245,255.39332580566406,140.58129850560428,262.3999938964844,108972300,76144200
2021-09-29,140.1691131591797,260.4366760253906,141.75892815594042,264.5,139.38401397237038,256.8933410644531,139.81581927384158,259.9333190917969,74602000,62828700
2021-09-30,138.86392211914062,258.49334716796875,141.69027387708846,263.0433349609375,138.64801941682376,258.3333435058594,140.9836859376015,260.3333435058594,89056700,53868000
2021-10-01,139.99244689941406,258.40667724609375,140.2574210346568,260.260009765625,136.5184031325924,254.52999877929688,139.25641928169998,259.4666748046875,94639600,51094200
2021-10-04,136.54786682128906,260.510009765625,139.56068091563057,268.989990234375,135.69407942788672,258.7066650390625,139.11905228846942,265.5,98322000,91449900
2021-10-05,138.48117065429688,260.1966552734375,139.59012394137855,265.7699890136719,136.76377254220841,258.0666809082031,136.89135547952526,261.6000061035156,80861100,55297800
2021-10-06,139.35459899902344,260.9166564941406,139.50179857153668,262.2200012207031,135.79221959896122,257.739990234375,136.87173304580557,258.73333740234375,83221100,43898400
2021-10-07,140.62057495117188,264.53668212890625,141.53325731976742,268.3333435058594,140.06120154260262,261.1266784667969,140.3948639248738,261.82000732421875,61732700,57587400
2021-10-08,140.2378387451172,261.8299865722656,141.49399178970734,265.4599914550781,139.90417636832538,260.3033447265625,141.34679220421845,265.4033203125,58773200,50215800
2021-10-11,140.14950561523438,263.9800109863281,142.1122464318601,267.0799865722656,139.16813520692153,261.8333435058594,139.61957218353604,262.54998779296875,64452200,42600900
2021-10-12,138.8737335205078,268.5733337402344,140.58132357465212,270.7733459472656,138.41248818935148,265.5233459472656,140.56169197186182,266.9766540527344,73035900,66060000
2021-10-13,138.28489685058594,270.3599853515625,138.76575872878743,271.8033447265625,136.60674699681144,268.59332275390625,138.60875085656076,270.15667724609375,78762700,42360300
2021-10-14,141.0818328857422,272.7733459472656,141.19960754110554,273.4166564941406,138.87374902289935,271.1166687011719,139.46257737613493,271.8299865722656,69907100,36741600
2021-10-15,142.14169311523438,281.010009765625,142.20057294661328,281.07000732421875,140.83646861307787,274.1166687011719,141.09163451508613,274.5799865722656,67940300,56773800
2021-10-18,143.81982421875,290.03668212890625,144.10441502439815,291.7533264160156,140.49297941378114,283.8233337402344,140.7775702194293,283.92999267578125,85589200,72621600
2021-10-19,145.98863220214844,288.0899963378906,146.39099759633692,292.6499938964844,143.81981234722122,287.5033264160156,144.27123427402455,292.510009765625,76378900,52143300
2021-10-20,146.47935485839844,288.6000061035156,146.96023179232097,289.8299865722656,145.36059309181522,285.7933349609375,145.92978977650145,288.45001220703125,58418800,42096300
2021-10-21,146.6952667236328,298.0,146.85228960669923,300.0,145.1152595272771,285.1666564941406,146.03775024713434,285.3333435058594,61421000,94444500
2021-10-22,145.91995239257812,303.2266540527344,147.3821845567822,303.3333435058594,145.8708808826435,296.9866638183594,146.9013226931811,298.5,58883400,68642400
2021-10-25,145.8708953857422,341.6199951171875,146.5872915835432,348.3399963378906,144.86989338673706,314.73333740234375,145.91014361287867,316.84332275390625,50720600,188556300
2021-10-26,146.5382537841797,339.4766540527344,148.0299261985199,364.9800109863281,146.23401634323616,333.8133239746094,146.54806209858722,341.5633239746094,60893400,187245000
2021-10-27,146.07701110839844,345.9533386230469,146.94060700233715,356.9599914550781,145.72371711443793,343.59332275390625,146.57750469378993,346.5533447265625,56094900,115579500
2021-10-28,149.7276611328125,359.0133361816406,150.31647427805345,360.3333435058594,146.9307500257243,351.3999938964844,147.0288930371917,356.10333251953125,100077900,81639600
2021-10-29,147.00929260253906,371.3333435058594,147.14668386300448,371.7366638183594,143.68244746206824,357.7366638183594,144.47735511008415,360.6199951171875,124953200,89755200
2021-11-01,146.18495178222656,402.86334228515625,146.9111563462423,403.25,145.0465584432789,372.88665771484375,146.214391698361,381.6666564941406,74588300,168146100
2021-11-02,147.22518920898438,390.6666564941406,148.7463162991763,402.86334228515625,145.8807016001512,382.0,145.89052488768692,386.4533386230469,69122000,128213400
2021-11-03,148.6678009033203,404.6199951171875,149.1388544822275,405.1300048828125,147.0289142026338,384.2066650390625,147.58828751986294,392.4433288574219,54511500,103885500
2021-11-04,148.147705078125,409.9700012207031,149.59030601260565,414.4966735839844,147.83365931379845,405.6666564941406,148.7561500283499,411.4700012207031,60394600,76192200
2021-11-05,148.67837524414062,407.36334228515625,149.58255183119843,413.2900085449219,147.47935487956067,402.6666564941406,149.2778854264306,409.3333435058594,65463900,64886400
2021-11-08,147.8528289794922,387.64666748046875,148.96340074214248,399.0,147.5776454448072,377.6666564941406,148.80614872335738,383.2633361816406,55020900,100337100
2021-11-09,148.2164764404297,341.1666564941406,148.8258093306056,391.5,147.47937439726354,337.17333984375,147.61696617879937,391.20001220703125,56787900,177317400
2021-11-10,145.3761749267578,355.98333740234375,147.54817551221967,359.3666687011719,145.30738653523977,329.10333251953125,147.4400666143663,336.8033447265625,65187100,128408100
2021-11-11,145.32701110839844,354.5033264160156,146.86018071692627,368.3233337402344,145.14027622083057,351.55999755859375,146.39827730607036,367.5899963378906,41000000,67189800
2021-11-12,147.4105682373047,344.47332763671875,147.8135059084211,351.5,144.94372409915425,339.73333740234375,145.87738357535494,349.1666564941406,63804000,76719300
2021-11-15,147.42041015625,337.7966613769531,149.26808409571646,343.99334716796875,146.86020539939403,326.20001220703125,147.78404236912726,339.2099914550781,59222800,104326800
2021-11-16,148.40321350097656,351.57666015625,148.88479224149762,352.3999938964844,146.77175735607312,334.05999755859375,147.36144499767522,334.4366760253906,59256200,79627200
2021-11-17,150.8503875732422,363.0033264160156,152.33441420975052,373.21331787109375,148.39338089243975,351.8333435058594,148.40320352046666,354.5033264160156,88807000,94336200
2021-11-18,155.1550750732422,365.4599914550781,155.94132032182262,370.6666564941406,150.4179733193019,358.3399963378906,151.06662677410932,368.8500061035156,137827700,62696700
2021-11-19,157.78897094726562,379.0199890136719,158.25088939976666,379.5733337402344,153.83810003292044,364.23333740234375,154.93883421945299,366.2900085449219,117305600,64926900
2021-11-22,158.25091552734375,385.6233215332031,162.85042556306863,400.6499938964844,158.23125527180156,377.4766540527344,158.89955399642577,387.4433288574219,117467900,99217500
2021-11-23,158.63418579101562,369.6766662597656,159.01747824025801,393.5,156.32459347097884,354.23333740234375,158.34916461294523,389.1700134277344,96041900,108515100
2021-11-24,159.15505981445312,372.0,159.35161734057587,377.5899963378906,156.89461077309667,354.0,157.98552228891256,360.1300048828125,69463600,67680600
2021-11-26,154.11326599121094,360.6400146484375,157.69066668554564,369.59332275390625,153.67100784147934,360.3333435058594,156.82581063613492,366.489990234375,76959800,35042700
2021-11-29,157.48431396484375,378.9966735839844,158.417973553797,380.8900146484375,156.05923801728514,366.7300109863281,156.6292653970327,366.9966735839844,88748200,58393500
2021-11-30,162.45730590820312,381.586669921875,162.6735237240053,389.3333435058594,157.16982204311796,372.6666564941406,157.23862543740984,381.4566650390625,174048100,81276000
2021-12-01,161.93641662597656,365.0,167.37131474483905,390.9466552734375,161.70053856245917,363.586669921875,164.59980373493542,386.8999938964844,152052500,68450400
2021-12-02,160.94375610351562,361.5333251953125,161.3761916676954,371.0,155.08626072429414,352.2166748046875,156.01009761206393,366.35333251953125,136739200,73114800
2021-12-03,159.0568084716797,338.3233337402344,162.12316353860186,363.52667236328125,156.9732712438897,333.4033203125,161.199326466995,361.5966796875,118023100,92322000
2021-12-06,162.4769287109375,336.336669921875,164.99290090063192,340.5466613769531,161.45480563613842,316.8333435058594,161.46462826318137,333.836669921875,107497000,81663000
2021-12-07,168.2361602783203,350.5833435058594,168.62929035916358,352.5566711425781,165.44500418803963,342.2699890136719,166.17228359031526,348.0666809082031,120405400,56084700
2021-12-08,172.06906127929688,356.32000732421875,172.93393226697748,357.4599914550781,167.76438158600135,344.3333435058594,169.16979694098234,350.9033203125,116998900,41906400
2021-12-09,171.55804443359375,334.6000061035156,173.7103848403719,354.163330078125,170.92905127787418,334.1199951171875,171.90203139222558,353.5466613769531,108923700,59438400
2021-12-10,176.36392211914062,339.010009765625,176.54083438380087,340.32666015625,171.68578718034047,327.510009765625,172.19684872711986,336.25,115402700,59664300
2021-12-13,172.7177734375,322.13665771484375,178.99788287387983,335.0,172.51137824635225,317.1400146484375,178.0052424253983,333.6966552734375,153237000,78595500
2021-12-14,171.3319854736328,319.5033264160156,174.68334606426572,322.13665771484375,169.248448682449,310.0,172.23616209992724,315.0,139380400,70806300
2021-12-15,176.21652221679688,325.3299865722656,176.41307975206385,326.25,169.34672613583356,309.4166564941406,172.09857661870694,317.7366638183594,131063300,75169200
2021-12-16,169.29759216308594,308.97332763671875,178.0248851678291,331.6600036621094,167.8135654456889,307.2833251953125,176.19687149781882,331.5,150185800,82771500
2021-12-17,168.19686889648438,310.8566589355469,170.48680119696434,320.2200012207031,166.77180785012712,303.0133361816406,167.0076709220657,304.92333984375,195432700,100437300
2021-12-20,166.8307647705078,299.9800109863281,167.64649284258897,307.2300109863281,164.5801530989622,297.7966613769531,165.38604354598067,303.5666809082031,107499100,56480100
2021-12-21,170.01504516601562,312.84332275390625,170.22142533588615,313.1666564941406,166.21158850394502,295.3733215332031,168.60962950115896,305.6233215332031,91185900,71517900
2021-12-22,172.61947631835938,336.2900085449219,172.83569412545992,338.5533447265625,169.18948928424598,319.01666259765625,170.06418314156005,321.88665771484375,92135300,93634200
2021-12-23,173.2484588623047,355.6666564941406,173.80866359990947,357.6600036621094,172.25583353339374,332.5199890136719,172.82586089930805,335.6000061035156,68356600,92713200
2021-12-27,177.2288055419922,364.64666748046875,177.3172541822936,372.3333435058594,174.02487426792013,356.90667724609375,174.04451952373478,357.8900146484375,74919600,71145900
2021-12-28,176.20668029785156,362.8233337402344,178.2116060992947,373.0,175.45975568348982,359.47332763671875,177.0617287998104,369.8299865722656,79144300,60324000
2021-12-29,176.29515075683594,362.0633239746094,177.5236541153346,368.0,175.07647002650884,354.71331787109375,176.2460076232202,366.21331787109375,62348900,56154000
2021-12-30,175.1354217529297,356.7799987792969,177.46467413151436,365.1833190917969,175.0273128661905,351.04998779296875,176.3835852641225,353.77667236328125,59773000,47040900
2021-12-31,174.51629638671875,352.260009765625,176.1477376000055,360.6666564941406,174.21161492875567,351.5299987792969,175.02734303358918,357.8133239746094,64062300,40733700
2022-01-03,178.8798828125,399.9266662597656,179.73493120982582,400.3566589355469,174.6538439370769,378.67999267578125,174.77177544165573,382.5833435058594,104487900,103931400
2022-01-04,176.60963439941406,383.1966552734375,179.79392040563258,402.6666564941406,176.0396070589959,374.3500061035156,179.4892539814939,396.51666259765625,99310400,100248300
2022-01-05,171.91183471679688,362.7066650390625,177.0715485386063,390.11334228515625,171.63665117934394,360.336669921875,176.52118146370043,382.2166748046875,94537600,80119800
2022-01-06,169.04205322265625,354.8999938964844,172.28530491748282,362.6666564941406,168.68824367419558,340.1666564941406,169.73001206789144,359.0,96904000,90336600
2022-01-07,169.20912170410156,342.32000732421875,171.14524402422893,360.30999755859375,168.08872734087262,336.6666564941406,169.91674077523325,360.1233215332031,86709100,84164700
2022-01-10,169.2288055419922,352.7066650390625,169.53347199078678,353.0333251953125,165.27793434356843,326.6666564941406,166.17228843262194,333.3333435058594,106765600,91815000
2022-01-11,172.06906127929688,354.79998779296875,172.16733253020323,358.6166687011719,167.88232808201516,346.2733459472656,169.35653181299298,351.22332763671875,76138300,66063300
2022-01-12,172.51136779785156,368.739990234375,174.13298635832638,371.61334228515625,171.81358623406135,357.5299987792969,173.09121782891782,359.6166687011719,74805200,83739000
2022-01-13,169.2288055419922,343.85333251953125,173.5826144650006,371.8666687011719,168.835675449693,342.17999267578125,172.7570637657418,369.69000244140625,84505800,97209900
2022-01-14,170.09368896484375,349.8699951171875,170.79147055967272,350.6666564941406,168.14772861005764,337.7933349609375,168.39342931174855,339.9599914550781,80440800,72924300
2022-01-18,166.87986755371094,343.5033264160156,169.5727368069087,356.92999267578125,166.49657517844096,338.6866760253906,168.56045143128856,342.2033386230469,90956700,66743400
2022-01-19,163.37127685546875,331.8833312988281,168.13787560571404,351.5566711425781,163.08627069140266,331.6666564941406,167.07644696659617,347.2366638183594,94815000,75442500
2022-01-20,161.68087768554688,332.0899963378906,166.7619661877595,347.2200012207031,161.3565509731018,331.3333435058594,164.10840171802175,336.57666015625,91420500,70488600
2022-01-21,159.6170196533203,314.6333312988281,163.46960515091857,334.8500061035156,159.50891073645278,313.5,161.59244804730136,332.11334228515625,122848900,103416000
2022-01-24,158.840576171875,310.0,159.50888984216238,311.1700134277344,152.03958291935942,283.8233337402344,157.26810076459748,301.586669921875,162294600,151565700
2022-01-25,157.03221130371094,306.1333312988281,159.9609590965899,317.086669921875,154.31968130054574,301.07000732421875,156.24596615896806,304.73333740234375,115798400,86595900
2022-01-26,156.94378662109375,312.4700012207031,161.5629569316169,329.2300109863281,155.10595012433467,302.0,160.68826301110587,317.4766540527344,108275300,104867400
2022-01-27,156.48184204101562,276.3666687011719,161.02238556956317,311.7966613769531,155.55800513342504,276.3333435058594,159.65629046052865,311.1199951171875,121954600,147109500
2022-01-28,167.40077209472656,282.1166687011719,167.42043234611594,285.8333435058594,160.00026956448573,264.0033264160156,162.86022878833853,277.1866760253906,179935700,134789100
2022-01-31,171.77427673339844,312.239990234375,171.990494554835,312.663330078125,166.59490164124617,287.3500061035156,167.23373247599272,290.9033203125,115541600,104436000
2022-02-01,171.607177734375,310.4166564941406,171.83321815334287,314.5666809082031,169.3467285555597,301.6666564941406,171.01749012376968,311.7366638183594,86213900,73138200
2022-02-02,172.8160400390625,301.88665771484375,172.85536054887322,310.5,170.3492104199486,296.4700012207031,171.74478859061858,309.3933410644531,84914300,66792900
2022-02-03,169.92657470703125,297.0466613769531,173.20914700397037,312.3333435058594,169.1599898283705,293.50665283203125,171.47940471663034,294.0,89418100,78855600
2022-02-04,169.6412353515625,307.7733459472656,171.32397595384197,312.1666564941406,167.958494749283,293.72332763671875,168.94254971739127,299.0733337402344,82465400,73625400
2022-02-07,168.92288208007812,302.4466552734375,171.1763613855954,315.92333984375,168.22419643494246,300.9033203125,170.1037450572418,307.92999267578125,77251200,60994500
2022-02-08,172.0423126220703,307.3333435058594,172.55402535255456,308.7633361816406,168.6965170956554,298.26666259765625,168.99173655614575,301.84332275390625,74829200,50729100
2022-02-09,173.4691925048828,310.6666564941406,173.83328800439335,315.42333984375,172.1111919697569,306.6666564941406,173.24286408752374,311.6666564941406,71285000,52259400
2022-02-10,169.37550354003906,301.51666259765625,172.68192819387235,314.60333251953125,168.8146001247778,298.8999938964844,171.36329839541398,302.7900085449219,90865900,66126900
2022-02-11,165.95098876953125,286.6666564941406,170.32019416538782,305.32000732421875,165.3605499263947,283.5666809082031,169.5821531192089,303.2099914550781,98670700,79645800
2022-02-14,166.18719482421875,291.9200134277344,166.8760302449342,299.6266784667969,163.90418026929203,284.3833312988281,164.70126232865465,287.19000244140625,86185500,67756500
2022-02-15,170.03482055664062,307.4766540527344,170.19227292675632,307.6666564941406,167.5353279968633,297.7933349609375,168.24384864689935,300.0,62527400,57286200
2022-02-16,169.79869079589844,307.7966613769531,170.57608762783394,308.80999755859375,167.3385533314997,300.4033203125,169.10985530896428,304.6833190917969,61177400,51294300
2022-02-17,166.18719482421875,292.1166687011719,169.1688799431976,306.1666564941406,165.7837287151261,291.3666687011719,168.3029068340204,304.4200134277344,69589300,55178400
2022-02-18,164.6323699951172,285.6600036621094,167.82069791691148,295.6233215332031,163.54006857345092,279.2033386230469,167.1121922796674,295.3333435058594,82772700,68501700
2022-02-22,161.6999053955078,273.84332275390625,164.03211066057264,285.57666015625,159.56449308823295,267.0333251953125,162.3493702057695,278.0433349609375,91162800,83288100
2022-02-23,157.5176544189453,254.67999267578125,163.50069421366558,278.4333190917969,157.20274968475783,253.52000427246094,162.90042020266935,276.80999755859375,90009200,95256900
2022-02-24,160.14508056640625,266.92333984375,160.25332719300383,267.49334716796875,149.57632680623354,233.3333282470703,150.14708038143124,233.4633331298828,141147500,135322200
2022-02-25,162.22146606445312,269.9566650390625,162.48715009234238,273.1666564941406,158.30491651486224,260.79998779296875,161.22756094554026,269.74334716796875,91974200,76067700
2022-02-28,162.48712158203125,290.1433410644531,162.78234102115098,292.28668212890625,159.84001180321536,271.57000732421875,160.4599711238184,271.6700134277344,95056600,99006900
2022-03-01,160.5977325439453,288.1233215332031,163.9435277104657,296.6266784667969,159.38734940316522,284.59332275390625,162.07381467213503,289.8933410644531,83474400,74766900
2022-03-02,163.90419006347656,293.2966613769531,164.69143702654492,295.49334716796875,160.3517510934881,281.42333984375,161.76879262391375,290.7099914550781,79724800,74643300
2022-03-03,163.57943725585938,279.7633361816406,166.21671212228483,295.4800109863281,162.91028714997404,277.5333251953125,165.78372557589515,292.92333984375,76678400,61623600
2022-03-04,160.5682373046875,279.42999267578125,162.91029278730187,285.2166748046875,159.5153063627005,275.0533447265625,161.8671969888056,283.0333251953125,83737200,66999600
2022-03-07,156.75994873046875,268.1933288574219,162.3887439653584,288.71331787109375,156.50408484630077,268.19000244140625,160.75520922600182,285.4333190917969,96418800,72494100
2022-03-08,154.92958068847656,274.79998779296875,160.28284087725882,283.3299865722656,153.31573151528343,260.72332763671875,156.28758103481016,265.1766662597656,131148300,80399100
2022-03-09,160.3517608642578,286.3233337402344,160.80443277563816,286.85333251953125,156.86821273593628,277.336669921875,158.90519879842833,279.82666015625,91454900,59184000
2022-03-10,155.9923858642578,279.4333190917969,157.83256370946663,284.8166809082031,153.49287802702014,270.1199951171875,157.64559087729302,283.8166809082031,105342000,58648500
2022-03-11,152.2628173828125,265.1166687011719,156.74027038411012,281.26666259765625,152.03648894987714,264.5899963378906,156.3958451472846,280.0666809082031,96970100,67037100
2022-03-14,148.21835327148438,255.4566650390625,151.6625456315132,266.8999938964844,147.7066555034308,252.01333618164062,149.03512069014965,260.2033386230469,108732100,71152200
2022-03-15,152.61708068847656,267.2966613769531,153.0894378821165,268.5233459472656,147.9821902189739,252.19000244140625,148.49388798885315,258.42333984375,92964300,66841200
2022-03-16,157.04531860351562,280.07666015625,157.44878471807237,280.6666564941406,151.99712715402308,267.4200134277344,154.54582575293017,269.6666564941406,102300200,84028800
2022-03-17,158.0589141845703,290.5333251953125,158.4328599010943,291.6666564941406,155.1165992534624,275.239990234375,156.08096897895845,276.9966735839844,75615400,66582900
2022-03-18,161.3653106689453,301.7966613769531,161.85733809568418,302.6166687011719,157.21259798603037,289.1300048828125,157.9506391261387,291.4966735839844,123511700,100414200
2022-03-21,162.7429962158203,307.0533447265625,163.69753062342352,314.2833251953125,160.410776006235,302.36334228515625,160.90280343219604,304.99334716796875,95811400,81981600
2022-03-22,166.1281280517578,331.32666015625,166.71855188517935,332.6199951171875,162.28047042303692,307.25,162.87089425645846,310.0,81532000,105868500
2022-03-23,167.49598693847656,333.03668212890625,169.88723307812018,346.8999938964844,164.9767938445975,325.4666748046875,165.31138391398235,326.64666748046875,98062700,120676200
2022-03-24,171.29443359375,337.97332763671875,171.36330962465348,341.4966735839844,167.4959813021374,329.6000061035156,168.33241890873853,336.57666015625,90131400,68920800
2022-03-25,171.93405151367188,336.8800048828125,172.4851197852727,340.6000061035156,169.99546240540764,332.44000244140625,171.10744910627062,336.0,80546200,62031600
2022-03-28,172.800048828125,363.9466552734375,172.92796575635768,365.9599914550781,169.25744513309817,351.20001220703125,169.42473266654576,355.0333251953125,90371900,102506100
2022-03-29,176.1064453125,366.5233459472656,176.15563603779327,371.5899963378906,173.528211647518,357.7033386230469,173.87263681747436,369.3299865722656,100589400,73614900
2022-03-30,174.93544006347656,364.663330078125,176.74609743731983,371.3166809082031,173.88249413539714,361.3333435058594,175.7030016679424,363.72332763671875,92633200,59865000
2022-03-31,171.82582092285156,359.20001220703125,175.19128676604245,367.71331787109375,171.61916279397346,358.8800048828125,175.00431393883977,364.8566589355469,103049300,48992700
2022-04-01,171.53062438964844,361.5299987792969,172.09154294623926,364.9166564941406,169.19841884811066,355.5466613769531,171.2550901913017,360.3833312988281,78751300,54263100
2022-04-04,175.59474182128906,381.8166809082031,175.6439475646401,383.3033447265625,171.6585226009615,357.510009765625,171.78645453057726,363.1266784667969,76468400,82035900
2022-04-05,172.26864624023438,363.7533264160156,175.45698948199342,384.2900085449219,171.6388517127187,362.4333190917969,174.66974256872732,378.76666259765625,73401800,80075100
2022-04-06,169.09014892578125,348.586669921875,170.86145068243167,359.6666564941406,167.4172586616336,342.5666809082031,169.61169680197753,357.8233337402344,89058800,89348400
2022-04-07,169.39523315429688,352.4200134277344,170.59578149844867,358.86334228515625,167.14175373056239,340.5133361816406,168.4308634241627,350.7966613769531,77594700,79447200
2022-04-08,167.37789916992188,341.8299865722656,169.04095440141643,349.4800109863281,166.50209088425444,340.8133239746094,169.04095440141643,347.7366638183594,76575500,55013700
2022-04-11,163.10708618164062,325.30999755859375,166.33478478538393,336.15667724609375,162.8610724769926,324.8800048828125,166.0198950514866,326.79998779296875,72246700,59357100
2022-04-12,164.98666381835938,328.98333740234375,167.16141694537976,340.39666748046875,163.9829235206259,325.5333251953125,165.3409242166484,332.5466613769531,79265200,65976000
2022-04-13,167.6829071044922,340.7900085449219,168.31270148269238,342.0799865722656,164.11079891952852,324.3666687011719,164.7209080003055,327.02667236328125,70618900,55121100
2022-04-14,162.6544189453125,328.3333435058594,168.5390777375964,337.57000732421875,162.4084052337266,327.39666748046875,167.8994330781819,333.0966796875,75329400,58422300
2022-04-18,162.43795776367188,334.7633361816406,163.94356063555975,338.3066711425781,160.96187533903773,324.4700012207031,161.3062855621602,329.6766662597656,69023900,51715200
2022-04-19,164.73077392578125,342.7166748046875,165.14409017149563,344.9800109863281,161.2964321500132,331.77667236328125,162.3887336211493,335.0199890136719,67723800,49847700
2022-04-20,164.5634765625,325.73333740234375,166.1871759578773,344.6666564941406,163.45150487225482,325.0833435058594,166.06907917381437,343.3333435058594,67929800,70711200
2022-04-21,163.7664031982422,336.260009765625,168.7949239860417,364.0733337402344,163.26454063992998,332.1400146484375,166.21670513338208,358.24334716796875,87227800,105416400
2022-04-22,159.210205078125,335.01666259765625,165.19325952257165,344.95001220703125,158.92483581876152,331.3333435058594,163.8057537918965,338.3033447265625,84882400,69696600
2022-04-25,160.28285217285156,332.67333984375,160.5682214607871,336.2066650390625,155.9333317168137,325.1000061035156,158.55090609825874,326.3233337402344,96046400,68341200
2022-04-26,154.2998046875,292.1400146484375,159.7514619922399,333.3333435058594,154.22107849702726,291.6666564941406,159.66290065876512,331.80999755859375,95623200,136133700
2022-04-27,154.073486328125,293.836669921875,157.24212936237095,306.0,152.90245856859522,292.4533386230469,153.4240064759593,299.52667236328125,88063200,76956300
2022-04-28,161.03073120117188,292.5033264160156,161.89670425341123,300.0,156.3958263617354,273.8999938964844,156.71073111363518,299.99334716796875,130216800,124948500
2022-04-29,155.13624572753906,290.2533264160156,163.54991794930683,311.4666748046875,154.7426297819827,290.0,159.25943807460507,300.75,131747600,88133100
2022-05-02,155.44129943847656,300.9800109863281,155.70698341755673,302.1199951171875,150.8260801242461,282.6766662597656,154.21123096519486,286.92333984375,123055300,75781500
2022-05-03,156.93707275390625,303.0833435058594,158.14747110367338,308.02667236328125,153.82747065183054,296.1966552734375,155.62827792248643,301.05999755859375,88966500,63709500
2022-05-04,163.372802734375,317.5400085449219,163.82545959087432,318.5,156.72058183628712,295.09332275390625,157.12404795896134,301.3133239746094,108256500,81643800
2022-05-05,154.27029418945312,291.09332275390625,161.46373326041538,315.20001220703125,152.47930702556806,285.8999938964844,161.23740483289234,313.00665283203125,130525300,92519100
2022-05-06,154.99952697753906,288.54998779296875,157.12821179757466,296.0,151.94446922447622,281.03668212890625,153.7479370549887,295.6666564941406,116124600,72903000
2022-05-09,149.855224609375,262.3699951171875,153.5705662251753,281.8766784667969,149.29349706523496,260.3833312988281,152.68360662844097,278.8166809082031,131577900,90810300
2022-05-10,152.26968383789062,266.67999267578125,154.46736088090017,275.1199951171875,150.71259117184084,258.0833435058594,153.26504901265346,273.10333251953125,115366700,84401700
2022-05-11,144.37586975097656,244.6666717529297,153.1960990593114,269.92333984375,143.69587178095387,242.39999389648438,151.2743754728662,265.0,142689800,97224600
2022-05-12,140.4929962158203,242.6666717529297,144.0802186431024,253.22000122070312,136.78751850070398,226.6666717529297,140.69995800707954,233.6666717529297,182602000,140313000
2022-05-13,144.9770050048828,256.5299987792969,145.95265608735048,262.45001220703125,141.03500230205145,250.52333068847656,142.49353909158592,257.82666015625,113990900,92150700
2022-05-16,143.42979431152344,241.4566650390625,145.38109691977127,256.586669921875,142.089512486563,239.69667053222656,143.4396589445517,255.72000122070312,86643800,86098500
2022-05-17,147.0761260986328,253.8699951171875,147.5984402531948,254.82666015625,144.5532317399834,242.9499969482422,146.7016310302499,249.1199951171875,78336300,80236200
2022-05-18,138.77821350097656,236.60333251953125,145.2233813560545,253.5,137.87153963890293,233.60333251953125,144.72078142086878,248.17333984375,109742900,87811800
2022-05-19,135.3585205078125,236.47332763671875,139.6060259100609,244.6666717529297,134.61939501913687,231.3699951171875,137.8518359532745,235.6666717529297,136095600,90296700
2022-05-20,135.59503173828125,221.3000030517578,138.65993938193793,240.52667236328125,130.68724267872005,211.0,137.07328272324338,237.99667358398438,137426100,144973200
2022-05-23,141.03501892089844,224.96665954589844,141.1828380246541,226.65333557128906,135.65417798096212,212.68666076660156,135.79214749031698,218.33999633789062,117726300,88903500
2022-05-24,138.32484436035156,209.3866729736328,139.91150069319949,217.97332763671875,135.33877918697064,206.85667419433594,138.76831655725638,217.8433380126953,104132700,89092500
2022-05-25,138.48255920410156,219.60000610351562,139.73413423560646,223.10667419433594,136.33415991086508,207.6699981689453,136.42285136269513,207.9499969482422,92482700,92139300
2022-05-26,141.69528198242188,235.91000366210938,142.2471599393567,239.55667114257812,135.1515582804655,217.8866729736328,135.3979334424933,220.47332763671875,90601500,106003200
2022-05-27,147.47032165527344,253.2100067138672,147.50973506608682,253.26666259765625,143.15382385017716,240.17666625976562,143.28194375102797,241.0833282470703,90978500,89295000
2022-05-31,146.681884765625,252.75332641601562,148.47550281972386,259.6000061035156,144.71088384685805,244.7433319091797,146.9085606983146,257.9466552734375,103718400,101914500
2022-06-01,146.55380249023438,246.7899932861328,149.53986813880326,257.32666015625,145.53872302627965,243.63999938964844,147.72653558588104,251.72000122070312,74286600,77247900
2022-06-02,149.017578125,258.3333435058594,149.07670576522273,264.2099914550781,144.7306437582719,242.06666564941406,145.6865807086683,244.1566619873047,72348100,93473100
2022-06-03,143.27207946777344,234.51666259765625,145.82452236693706,247.79666137695312,142.36542073655667,233.4166717529297,144.77002952584698,243.22666931152344,88570300,112393800
2022-06-06,144.02105712890625,238.27999877929688,146.41583140720172,244.86666870117188,142.799030970996,234.35000610351562,144.89815206168706,244.35333251953125,71598400,84204600
2022-06-07,146.55380249023438,238.8866729736328,146.83959105092737,239.99667358398438,142.0106440716535,230.0933380126953,142.25701922442352,234.0,67808200,72808500
2022-06-08,145.814697265625,241.86666870117188,147.69699226544608,249.9633331298828,145.3219468917094,239.17666625976562,146.42570291726497,240.086669921875,53950200,76210500
2022-06-09,140.57183837890625,239.7066650390625,145.80484540213257,255.54666137695312,140.4634326856499,239.32666015625,144.9474644884546,249.33999633789062,69473000,96491400
2022-06-10,135.14169311523438,232.22999572753906,138.71904983013044,239.5,135.0727008597942,227.913330078125,138.24601378405768,235.1566619873047,91437900,97536600
2022-06-13,129.9678192138672,215.73666381835938,133.23967326736573,226.63333129882812,129.5341965596281,214.68333435058594,130.94345514835987,223.1666717529297,122207100,102767400
2022-06-14,130.83506774902344,220.88999938964844,131.94868835400084,226.3300018310547,129.57362805380447,211.73666381835938,131.19971323419813,218.2866668701172,84784300,97988700
2022-06-15,133.4663543701172,233.0,135.34866434133303,235.663330078125,130.24377786500034,218.14999389648438,132.3428841585756,220.9166717529297,91533000,119131800
2022-06-16,128.17422485351562,213.10000610351562,130.47044340040713,225.1666717529297,127.16900988024103,208.69332885742188,130.16494057459525,222.73666381835938,108123900,107390700
2022-06-17,129.65245056152344,216.75999450683594,131.15041561507837,220.97000122070312,127.92782459091552,213.19667053222656,128.18406435914898,213.43333435058594,134520300,92641800
2022-06-21,133.89996337890625,237.0366668701172,135.07271151353063,243.57666015625,131.3869488476208,224.3333282470703,131.48548988632155,224.60333251953125,81000500,122793000
2022-06-22,133.38751220703125,236.086669921875,135.7625572241762,246.8333282470703,131.96838893721528,233.82666015625,132.83561923956722,234.50332641601562,73409200,101107500
2022-06-23,136.2651824951172,235.07000732421875,136.58053489148253,239.31666564941406,133.66346131552876,228.6366729736328,134.83620952437622,237.9066619873047,72433800,104202600
2022-06-24,139.6060333251953,245.7066650390625,139.85240850117333,246.06666564941406,137.7434375963034,236.086669921875,137.87154246227976,237.47000122070312,89116800,95770800
2022-06-27,139.6060333251953,244.9199981689453,141.4095014178601,252.07000732421875,138.9260354334884,242.56666564941406,140.63094744074303,249.36666870117188,70207900,89178300
2022-06-28,135.44720458984375,232.663330078125,141.34049395514106,249.97000122070312,135.328949330103,232.3433380126953,140.06920480029078,244.48333740234375,67083400,90391200
2022-06-29,137.21124267578125,228.49000549316406,138.6303659287056,231.17333984375,134.6883635761582,222.27333068847656,135.46691746181185,230.5,66242400,82897200
2022-06-30,134.73765563964844,224.47332763671875,136.36372576433453,229.4566650390625,131.8304316095035,218.8633270263672,135.25996980273172,224.50999450683594,98964500,94600500
2022-07-01,136.9156036376953,227.26333618164062,137.02400931509246,230.22999572753906,133.69302720857007,222.1199951171875,134.06750724522163,227.0,71051600,74460300
2022-07-05,139.50747680664062,233.06666564941406,139.5567548491927,233.14666748046875,134.94460374967946,216.1666717529297,135.77243576693132,223.0,73353800,84581100
2022-07-06,140.8477325439453,231.73333740234375,142.03033016068872,234.56333923339844,139.03441519576913,227.18666076660156,139.30050454673838,230.77999877929688,74064300,71853600
2022-07-07,144.22802734375,244.5433349609375,144.42512446788226,245.3633270263672,141.20253310502923,232.2100067138672,141.21238269809453,233.9199981689453,66253700,81930600
2022-07-08,144.90802001953125,250.76333618164062,145.41063501342293,254.97999572753906,142.89760515660754,241.16000366210938,143.15382993164704,242.3333282470703,64547800,101854200
2022-07-11,142.7694549560547,234.3433380126953,144.51379508007224,253.06333923339844,141.69526300251138,233.6266632080078,143.55785837644726,252.10333251953125,63141600,99241200
2022-07-12,143.74514770507812,233.07000732421875,146.2975911754457,239.77333068847656,142.94689446077814,228.3699951171875,143.64659160977368,236.84666442871094,77588800,87930900
2022-07-13,143.38047790527344,237.0399932861328,144.32654999556934,242.05999755859375,140.05933088479338,225.03334045410156,140.91672657370842,225.5,71185600,97954500
2022-07-14,146.31729125976562,238.31333923339844,146.79032738889836,238.65333557128906,141.17297636311127,229.3333282470703,141.99094375492155,234.89666748046875,78140700,78557400
2022-07-15,147.99264526367188,240.06666564941406,148.67264318460957,243.6233367919922,146.05120759050547,236.88999938964844,147.6083005741264,240.0,76259900,69683100
2022-07-18,144.93759155273438,240.54666137695312,149.37234459214557,250.51666259765625,144.5729460772953,239.60333251953125,148.55437722703743,244.93666076660156,81420900,82537500
2022-07-19,148.81060791015625,245.52999877929688,149.0372688640094,247.13999938964844,144.77991359630315,236.97666931152344,145.77526390456921,245.0,82982400,80890200
2022-07-20,150.82106018066406,247.5,151.49120865245214,250.663330078125,148.18977442408496,243.48333740234375,148.92890014349092,246.78334045410156,64823400,88864200
2022-07-21,153.0975341796875,271.7066650390625,153.3143455287886,273.26666259765625,149.73697330616696,254.86666870117188,152.25985260020167,255.10667419433594,65086600,142032300
2022-07-22,151.85581970214844,272.24334716796875,154.01406893177526,280.78668212890625,151.18568635393427,270.71331787109375,153.13697379217183,276.2200012207031,66675400,103472700
2022-07-25,150.73231506347656,268.4333190917969,152.79200772624299,274.14666748046875,150.07203146028309,267.3999938964844,151.77694330248553,272.2166748046875,53623900,64073400
2022-07-26,149.40187072753906,258.8599853515625,150.8702567395382,267.30999755859375,148.61346737853955,256.2633361816406,150.05228958073624,266.5133361816406,55138700,66820800
2022-07-27,154.5166473388672,274.82000732421875,155.04882613514658,275.9266662597656,149.95378934695273,261.7900085449219,150.36769783431046,263.80999755859375,78620700,88110000
2022-07-28,155.0685272216797,280.8999938964844,155.35431578247076,283.29998779296875,152.17115301810267,272.79998779296875,154.70388176992367,280.0666809082031,81378700,84723000
2022-07-29,160.15370178222656,297.1499938964844,161.25747271207914,298.32000732421875,157.18735030288008,279.1000061035156,158.90212681060993,280.70001220703125,101786900,95313000
2022-08-01,159.16822814941406,297.27667236328125,161.21807160961242,311.8766784667969,158.55722246790594,295.0,158.67547775141105,301.27667236328125,67829400,117042900
2022-08-02,157.68997192382812,300.586669921875,160.0551827813026,307.8333435058594,157.31549185882793,292.6666564941406,157.77867842117527,294.0033264160156,59907000,95577600
2022-08-03,163.7212371826172,307.39666748046875,164.17455908657996,309.54998779296875,158.41923856963987,301.1499938964844,158.50793002421338,305.0,82507500,80091000
2022-08-04,163.40589904785156,308.6333312988281,164.7658950787707,313.6066589355469,162.0459030169324,305.0,163.60299621699417,311.0,55474100,72256200
2022-08-05,163.1789093017578,288.1700134277344,163.67234414686934,304.6066589355469,160.85975950635904,285.5433349609375,161.0670087670179,302.6700134277344,56697000,113172900
2022-08-08,162.70518493652344,290.42333984375,165.60658394853183,305.20001220703125,162.04398411639912,289.086669921875,164.18548932563507,295.0,60276900,98994000
2022-08-09,162.7545166015625,283.3333435058594,163.64270818917976,292.39666748046875,161.1064463388297,279.35333251953125,161.86634007237882,290.2933349609375,63135500,86244600
2022-08-10,167.01780700683594,294.3566589355469,167.11648492615134,297.510009765625,164.70852083002953,283.3699951171875,165.47827786948693,297.0666809082031,70170500,94918800
2022-08-11,166.27769470214844,286.6300048828125,168.74486915287414,298.2366638183594,165.9816307563738,285.8333435058594,167.82707242681653,296.5133361816406,57149200,70155000
2022-08-12,169.84027099609375,300.0299987792969,169.9093440404782,300.1600036621094,167.1757109224635,285.0333251953125,167.59020942251294,289.4166564941406,68039400,79657200
2022-08-15,170.9159393310547,309.32000732421875,171.1133102288565,313.1333312988281,169.10010297778325,301.2300109863281,169.2678689938365,301.78668212890625,54091700,89359200
2022-08-16,170.75802612304688,306.5633239746094,171.4291052045612,314.6666564941406,169.406019744618,302.8833312988281,170.51130875130826,311.6666564941406,56377100,88136400
2022-08-17,172.25807189941406,303.9966735839844,173.83705404292962,309.65667724609375,170.30407453228813,300.0333251953125,170.5014454179234,303.39666748046875,79542000,68766000
2022-08-18,171.86334228515625,302.8699951171875,172.60349451732048,306.5,170.8468677576589,301.85333251953125,171.4686004513763,306.0,62290100,47500500
2022-08-19,169.26788330078125,296.6666564941406,171.4587350859564,300.3599853515625,169.06063405258988,292.5,170.758051022337,299.0,70346300,61395300
2022-08-22,165.36973571777344,289.913330078125,167.62966033417896,292.3999938964844,164.94537398602955,286.2966613769531,167.4618943197239,291.913330078125,69026800,55843200
2022-08-23,165.03419494628906,296.4533386230469,166.49477276056035,298.82666015625,164.46180878530728,287.92333984375,164.88617053329148,291.4533386230469,54147100,63984900
2022-08-24,165.33026123046875,297.0966796875,165.90264739975865,303.64666748046875,164.06706935977206,296.5,165.12302704926418,297.5633239746094,53841500,57259800
2022-08-25,167.79742431640625,296.07000732421875,167.9059805666135,302.9599914550781,166.13949074062336,291.6000061035156,166.56383740879377,302.3599853515625,51218200,53230000
2022-08-26,161.47158813476562,288.0899963378906,168.80403659370677,302.0,161.41237837214825,287.4700012207031,168.33034343433388,297.42999267578125,78961000,57163900
2022-08-29,159.26101684570312,284.82000732421875,160.76104775775735,287.739990234375,157.72150271792214,280.70001220703125,159.0340260013609,282.8299865722656,73314000,41864700
2022-08-30,156.82345581054688,277.70001220703125,160.42552392043874,288.4800109863281,155.64907854678992,272.6499938964844,160.00117720950024,287.8699951171875,77906200,50541800
2022-08-31,155.15562438964844,275.6099853515625,158.47150652042689,281.25,155.07667302243541,271.80999755859375,158.2050475383872,280.6199951171875,87991100,52107300
2022-09-01,155.88592529296875,277.1600036621094,156.3398768664933,277.5799865722656,152.6391159459931,266.1499938964844,154.58325022090398,272.5799865722656,74229900,54287000
2022-09-02,153.76414489746094,270.2099914550781,158.2544044411162,282.3500061035156,152.93517807481416,269.0799865722656,157.65241340262483,281.07000732421875,76957800,50890100
2022-09-06,152.50096130371094,274.4200134277344,155.02734512371137,275.989990234375,151.67199443622994,265.739990234375,154.41549077748996,272.67999267578125,73714800,55860000
2022-09-07,153.91217041015625,283.70001220703125,154.61283930679346,283.8399963378906,151.59302111354978,272.2699890136719,152.787139807606,273.1000061035156,87449600,50028900
2022-09-08,152.431884765625,289.260009765625,154.30693097885487,289.5,150.6752430270464,279.760009765625,152.60951406525444,281.29998779296875,84923800,53713100
2022-09-09,155.3036651611328,299.67999267578125,155.74776853082003,299.8500061035156,152.71807161072002,291.25,153.42861893209738,291.6700134277344,68028800,54338100
2022-09-12,161.2841033935547,304.4200134277344,162.10320702897022,305.489990234375,157.20834188473088,300.3999938964844,157.4945274641237,300.7200012207031,104956000,48674600
2022-09-13,151.8200225830078,292.1300048828125,158.4320461932663,297.3999938964844,151.35619264515168,290.3999938964844,157.80045022276116,292.8999938964844,122656600,68229600
2022-09-14,153.27072143554688,302.6099853515625,155.037226524522,306.0,151.5930460586156,291.6400146484375,152.75754500619573,292.239990234375,87965400,72628700
2022-09-15,150.3693084716797,303.75,153.2016343191028,309.1199951171875,149.39231725485783,300.7200012207031,152.6193698403597,301.8299865722656,90481100,64795500
2022-09-16,148.72122192382812,303.3500061035156,149.36269609630034,303.7099914550781,146.42181431655243,295.6000061035156,149.2245349767334,299.6099853515625,162278800,87087800
2022-09-19,152.45159912109375,309.07000732421875,152.53055048964774,309.8399963378906,147.14225134713436,297.79998779296875,147.34948551345897,300.0899963378906,81474200,60231200
2022-09-20,154.83985900878906,308.7300109863281,156.00437315363132,313.3299865722656,151.07002436356873,305.5799865722656,151.38581485574525,306.9100036621094,107689800,61642800
2022-09-21,151.7016143798828,300.79998779296875,156.6557045846627,313.79998779296875,151.58319483232563,300.6300048828125,155.27407794326896,308.2900085449219,101696800,62555700
2022-09-22,150.7344512939453,288.5899963378906,152.44173129494766,301.2900085449219,148.92847832058902,285.82000732421875,150.37917767527796,299.8599853515625,86652500,70545400
2022-09-23,148.45480346679688,275.3299865722656,149.4811563994393,284.5,146.60936192506745,272.82000732421875,149.2048340849056,283.0899963378906,96029900,63748400
2022-09-26,148.79031372070312,276.010009765625,151.75092212100176,284.0899963378906,147.67514640455875,270.30999755859375,147.6948880102553,271.8299865722656,93339400,58076900
2022-09-27,149.76731872558594,282.94000244140625,152.68845924345578,288.6700134277344,147.98108723466274,277.510009765625,150.7344617346572,283.8399963378906,84442700,61925200
2022-09-28,147.87254333496094,287.80999755859375,148.66204205913598,289.0,142.9381951319115,277.57000732421875,145.70143313730634,283.0799865722656,146691400,54664800
2022-09-29,140.6091766357422,268.2099914550781,144.79350916804302,283.6499938964844,138.83280834097133,265.7799987792969,144.18165483368003,282.760009765625,128138200,77620600
2022-09-30,136.3853759765625,265.25,141.2210460611346,275.57000732421875,136.18800506786133,262.4700012207031,139.42493615755308,266.1499938964844,124925300,67726600
2022-10-03,140.57957458496094,242.39999389648438,141.1914439900878,255.16000366210938,135.88208060719077,241.00999450683594,136.39525702678367,254.5,114311700,98363500
2022-10-04,144.18165588378906,249.44000244140625,144.30007541815792,257.5,142.36580435900075,242.00999450683594,143.12569817421627,250.52000427246094,87830100,109578500
2022-10-05,144.47769165039062,240.80999755859375,145.44483462169993,246.6699981689453,141.13220458118386,233.27000427246094,142.17829892107557,245.00999450683594,79471000,86982700
2022-10-06,143.5204315185547,238.1300048828125,145.60272687269935,244.5800018310547,143.31319734564778,235.35000610351562,143.8954467664891,239.44000244140625,68402200,69298400
2022-10-07,138.25054931640625,223.07000732421875,141.2210362492612,234.57000732421875,137.61895341738395,222.02000427246094,140.66837666148692,233.94000244140625,85925600,83916800
2022-10-10,138.57623291015625,222.9600067138672,140.0269324842531,226.99000549316406,136.75053311295184,218.36000061035156,138.57623291015625,223.92999267578125,74899000,67925000
2022-10-11,137.15513610839844,216.5,139.49402735669463,225.75,136.40512061529776,215.0,138.063054355342,220.9499969482422,77033700,77013200
2022-10-12,136.52352905273438,217.24000549316406,138.51700974724292,219.3000030517578,136.3458997629281,211.50999450683594,137.30316442493086,215.3300018310547,70433700,66860700
2022-10-13,141.11248779296875,221.72000122070312,141.7046005106399,222.99000549316406,132.6056617056489,206.22000122070312,133.21753108987443,208.3000030517578,113224000,91483000
2022-10-14,136.56301879882812,204.99000549316406,142.62239748423457,226.25999450683594,136.37551116721934,204.16000366210938,142.41514824444727,224.00999450683594,88598000,94124500
2022-10-17,140.54006958007812,219.35000610351562,141.0236259304874,221.86000061035156,138.4281697458775,209.4499969482422,139.21766824785834,210.0399932861328,85250900,79428800
2022-10-18,141.8625030517578,220.19000244140625,144.77376532008952,229.82000732421875,138.76373315265158,217.25,143.57966155321216,229.5,99136600,75891900
2022-10-19,141.97105407714844,222.0399932861328,143.0467382727137,222.92999267578125,139.6420413366173,217.77999877929688,139.82954896048238,219.8000030517578,61758300,66571500
2022-10-20,141.50723266601562,207.27999877929688,143.97440668910568,215.5500030517578,140.77694373414428,202.0,141.14209572929755,208.27999877929688,64522000,117798100
2022-10-21,145.33628845214844,214.44000244140625,145.90867462024406,214.66000366210938,140.7769407155068,203.8000030517578,140.99405322955806,206.4199981689453,86548600,75713800
2022-10-24,147.48764038085938,211.25,148.25739736853123,213.5,144.08294369562876,198.58999633789062,145.25732078304517,205.82000732421875,75981900,100446800
2022-10-25,150.3397216796875,222.4199981689453,150.48776116501867,224.35000610351562,147.39885428402872,210.0,148.1192649256449,210.10000610351562,74732300,96507900
2022-10-26,147.38894653320312,224.63999938964844,149.99428106943935,230.60000610351562,146.09613500854059,218.1999969482422,148.97780682232195,219.39999389648438,88194300,85012500
2022-10-27,142.8987274169922,225.08999633789062,147.09292340264514,233.80999755859375,142.23752656273683,222.85000610351562,146.12579536819774,229.77000427246094,109180200,61638800
2022-10-28,153.69505310058594,228.52000427246094,155.43193790631275,228.86000061035156,145.87904888716614,216.35000610351562,146.2540490373011,225.39999389648438,164762400,69152400
2022-10-31,151.32656860351562,227.5399932861328,152.21476020669766,229.85000610351562,149.92521569193562,221.94000244140625,151.14893931793952,226.19000244140625,97943200,61554300
2022-11-01,148.67190551757812,227.82000732421875,153.4088828100258,237.39999389648438,147.17187450407766,227.27999877929688,153.04374586124993,234.0500030517578,80379300,62688800
2022-11-02,143.1256866455078,214.97999572753906,150.1719344831505,227.8699951171875,143.09608176430027,214.82000732421875,146.9942133937789,226.0399932861328,93604600,63070300
2022-11-03,137.05642700195312,215.30999755859375,140.9249532404364,221.1999969482422,136.92812916133795,210.13999938964844,140.19466446387372,211.36000061035156,97918500,56538800
2022-11-04,136.78956604003906,207.47000122070312,141.03025327243037,223.8000030517578,132.83553912246873,203.0800018310547,140.45691755937278,222.60000610351562,140814800,98622200
2022-11-07,137.3233642578125,197.0800018310547,137.5507166007932,208.89999389648438,134.11071712478324,196.66000366210938,135.53416934476445,208.64999389648438,83374600,93916500
2022-11-08,137.8966827392578,191.3000030517578,139.80449340378325,195.1999969482422,135.90978972981833,186.75,138.79622744381308,194.02000427246094,89908500,128803400
2022-11-09,133.31988525390625,177.58999633789062,136.95759752003397,195.88999938964844,133.0431046023265,177.1199951171875,136.90816917152026,190.77999877929688,74917800,127062700
2022-11-10,145.18197631835938,190.72000122070312,145.18197631835938,191.0,137.8966866598679,180.02999877929688,139.61669377296678,189.89999389648438,118854000,132703000
2022-11-11,147.9794464111328,195.97000122070312,148.28588106740983,196.52000427246094,142.71070401695297,182.58999633789062,144.1440507641814,186.0,93979700,114403600
2022-11-14,146.57574462890625,190.9499969482422,148.55275765609238,195.72999572753906,145.7355080589872,186.33999633789062,147.25781653663145,192.77000427246094,73374100,92226600
2022-11-15,148.3155517578125,194.4199981689453,151.82475387007386,200.82000732421875,146.85256593568872,192.05999755859375,150.47050439791028,195.8800048828125,89868300,91293800
2022-11-16,147.0799102783203,186.9199981689453,148.14749936078283,192.57000732421875,145.59715017769167,185.66000366210938,147.4160140311921,191.50999450683594,64218300,66567600
2022-11-17,148.9877166748047,183.1699981689453,149.7389762643868,186.16000366210938,144.47023425105218,180.89999389648438,144.74701489370946,183.9600067138672,80389400,64336000
2022-11-18,149.55117797851562,180.19000244140625,150.9449761011956,185.19000244140625,148.24635692578445,176.5500030517578,150.55945907613687,185.0500030517578,74829600,76048900
2022-11-21,146.3088836669922,167.8699951171875,148.64176028052393,176.77000427246094,146.02222333634097,167.5399932861328,148.43418230260116,175.85000610351562,58724100,92882700
2022-11-22,148.4539337158203,169.91000366210938,148.69118076144065,170.9199981689453,145.24128683803002,166.19000244140625,146.42750698271593,168.6300048828125,51804100,78452300
2022-11-23,149.3336944580078,183.1999969482422,150.0849540196098,183.6199951171875,147.62356723542243,172.5,147.73230356123182,173.57000732421875,58301400,109536700
2022-11-25,146.40771484375,182.86000061035156,147.16886915801885,185.1999969482422,145.4290878682615,180.6300048828125,146.6054131493823,185.05999755859375,35195900,50672700
2022-11-28,142.56243896484375,182.9199981689453,144.95462339373816,188.5,141.73209694821898,179.0,143.47186332830165,179.9600067138672,69246000,92905200
2022-11-29,139.5474853515625,180.8300018310547,143.14564904140522,186.3800048828125,138.73691772229893,178.75,142.6316213475949,184.99000549316406,83763800,83357100
2022-11-30,146.32862854003906,194.6999969482422,147.01070049689147,194.75999450683594,138.93460350915308,180.6300048828125,139.77482505617792,182.42999267578125,111380900,109186400
2022-12-01,146.6054229736328,194.6999969482422,147.41600568948158,198.9199981689453,144.92496463802757,191.8000030517578,146.5065813559001,197.0800018310547,71250400,80046200
2022-12-02,146.1111602783203,194.86000061035156,146.29897894842466,196.25,143.9759823709456,191.11000061035156,144.28243209151336,191.77999877929688,65447400,73645900
2022-12-05,144.94473266601562,182.4499969482422,149.18541949197922,191.27000427246094,144.09461635687657,180.5500030517578,146.07162962618466,189.44000244140625,68826400,93122700
2022-12-06,141.26747131347656,179.82000732421875,145.6070143612091,183.64999389648438,140.28884442227303,175.3300018310547,145.37966208348357,181.22000122070312,64727200,92150800
2022-12-07,139.3201446533203,174.0399932861328,141.72220883121116,179.3800048828125,138.3909458890047,172.22000122070312,140.55577809875786,175.02999877929688,69721100,84213300
2022-12-08,141.01048278808594,173.44000244140625,141.87049392300491,175.1999969482422,139.47830938217072,169.05999755859375,140.72382246539036,172.1999969482422,62128300,97624500
2022-12-09,140.52613830566406,179.0500030517578,143.89695030552423,182.5,139.28061001339165,173.36000061035156,140.70406229975006,173.83999633789062,76097000,104872300
2022-12-12,142.82931518554688,167.82000732421875,142.8391948209038,177.3699951171875,139.43872991493555,167.52000427246094,141.0598800348259,176.10000610351562,70462700,109794500
2022-12-13,143.79806518554688,160.9499969482422,148.24634516014598,175.0500030517578,142.58220621584587,156.91000366210938,147.78174582279246,174.8699951171875,93886200,175862700
2022-12-14,141.56407165527344,156.8000030517578,144.97441724772386,161.6199951171875,139.53762960997418,155.30999755859375,143.679475696443,159.25,82291200,140682300
2022-12-15,134.93116760253906,157.6699981689453,140.17025624774567,160.92999267578125,134.46656823635524,153.27999877929688,139.48818419596876,153.44000244140625,98931900,122334500
2022-12-16,132.96401977539062,150.22999572753906,136.06792995299983,160.99000549316406,132.19298581991796,150.0399932861328,135.1189720463015,159.63999938964844,160156900,139032200
2022-12-19,130.84861755371094,149.8699951171875,133.6460931216457,155.25,129.81069766078807,145.82000732421875,133.5571311451233,154.0,79592600,139390600
2022-12-20,130.77943420410156,137.8000030517578,131.7185125149171,148.47000122070312,128.39712953221752,137.66000366210938,129.87988952300458,146.0500030517578,77432800,159563300
2022-12-21,133.8932342529297,137.57000732421875,135.23760401600552,141.25999450683594,131.2242690848365,135.88999938964844,131.45162141055363,139.33999633789062,85928000,145417400
2022-12-22,130.71022033691406,125.3499984741211,133.0134424692819,136.6300048828125,128.802409885042,122.26000213623047,132.80586453500828,136.0,77852100,210090300
2022-12-23,130.34449768066406,123.1500015258789,130.8980590346716,128.6199951171875,128.150011539123,121.0199966430664,129.4152989435447,126.37000274658203,63814900,166989700
2022-12-27,128.53553771972656,109.0999984741211,129.89968192747375,119.66999816894531,127.24059622786994,108.76000213623047,129.87002793021114,117.5,69007800,208643400
2022-12-28,124.59138488769531,112.70999908447266,129.52403118980348,116.2699966430664,124.4233405593597,108.23999786376953,128.17966147970347,110.3499984741211,85438400,221070500
2022-12-29,128.12037658691406,121.81999969482422,128.98037274089862,123.56999969482422,126.26198637816472,117.5,126.51899273546343,120.38999938964844,75703700,221923300
2022-12-30,128.43666076660156,123.18000030517578,128.45643512279935,124.4800033569336,125.9654017030859,119.75,126.93414153068441,119.94999694824219,77034200,157777300
2023-01-03,123.63251495361328,108.0999984741211,129.39550245721088,118.80000305175781,122.74285754273936,104.63999938964844,128.78263321771394,118.47000122070312,112117500,231402800
2023-01-04,124.9076919555664,113.63999938964844,127.18126010449132,114.58999633789062,123.64240474081771,107.5199966430664,125.43159923588829,109.11000061035156,89113600,180389000
2023-01-05,123.58309173583984,110.33999633789062,126.30148488412831,111.75,123.32608545003059,107.16000366210938,125.66884126386319,110.51000213623047,80962700,157986300
2023-01-06,128.13023376464844,113.05999755859375,128.79253144434853,114.38999938964844,123.45460129199294,101.80999755859375,124.5617315121944,103.0,87754700,220911100
2023-01-09,128.6541290283203,119.7699966430664,131.87667022454877,123.5199966430664,128.39712274020837,117.11000061035156,128.9704583829939,118.95999908447266,70790800,190284000
2023-01-10,129.2274932861328,118.8499984741211,129.75140069783342,122.76000213623047,126.64748986401109,114.91999816894531,128.7628938707127,121.06999969482422,63896200,167642500
2023-01-11,131.95574951171875,123.22000122070312,131.97550878336855,125.94999694824219,128.96057576470602,120.51000213623047,129.7414893304502,122.08999633789062,69458900,183810800
2023-01-12,131.8766632080078,123.55999755859375,132.71688473025435,124.12999725341797,129.92930408672314,117.0,132.34126249583184,122.55999755859375,71379600,169400900
2023-01-13,133.21115112304688,122.4000015258789,133.36931580754018,122.62999725341797,130.14678954891528,115.5999984741211,130.51253218381837,116.55000305175781,57809700,180714100
2023-01-17,134.3776092529297,131.49000549316406,135.7120843078782,131.6999969482422,132.58841445883436,125.0199966430664,133.2803661632613,125.69999694824219,63646600,186477000
2023-01-18,133.65597534179688,128.77999877929688,137.01689153014115,136.67999267578125,133.47803632197883,127.01000213623047,135.24747146776636,136.55999755859375,69672800,195680300
2023-01-19,133.7152862548828,127.16999816894531,134.6840184578663,129.99000549316406,132.23252641864943,124.30999755859375,132.5389610381249,127.26000213623047,58280400,170291900
2023-01-20,136.28541564941406,133.4199981689453,136.43370070636414,133.50999450683594,132.67737218152695,127.3499984741211,133.72518688361293,128.67999267578125,80223600,138858100
2023-01-23,139.48818969726562,143.75,141.67279627654958,145.3800048828125,136.3150763566329,134.27000427246094,136.5325490508029,135.8699951171875,81760300,203119200
2023-01-24,140.891845703125,143.88999938964844,141.51460969317372,146.5,138.68748018952127,141.10000610351562,138.6973598255773,143.0,66435100,158699100
2023-01-25,140.22955322265625,144.42999267578125,140.79299416676852,146.41000366210938,137.21460493959157,138.07000732421875,139.27070057060922,141.91000366210938,65799300,192734300
2023-01-26,142.305419921875,160.27000427246094,142.59208020551668,161.4199981689453,140.26908361074402,154.75999450683594,141.52449124388164,159.97000122070312,54105100,234815100
2023-01-27,144.25279235839844,177.89999389648438,145.53785423534342,180.67999267578125,141.43555698402906,161.1699981689453,141.51463933928596,162.42999267578125,70555800,306590600
2023-01-30,141.35647583007812,166.66000366210938,143.87717124792727,179.77000427246094,141.20820583984698,166.5,143.2939558417953,178.0500030517578,64015300,230878800
2023-01-31,142.63162231445312,173.22000122070312,142.68105066516867,174.3000030517578,140.64472931637368,162.77999877929688,141.05990031223737,164.57000732421875,65874500,196813500
2023-02-01,143.75852966308594,181.41000366210938,144.9249754734958,183.80999755859375,139.69578139358237,169.92999267578125,142.31531825228282,173.88999938964844,77663600,213806300
2023-02-02,149.08656311035156,188.27000427246094,149.4424109834998,196.75,146.46701173795722,182.61000061035156,147.18861728641792,187.3300018310547,118339000,217448300
2023-02-03,152.72427368164062,189.97999572753906,155.571177590554,199.0,146.13093629775682,183.69000244140625,146.32863460622823,183.9499969482422,154357300,232662000
2023-02-06,149.98609924316406,194.75999450683594,151.34036351523568,198.1699981689453,149.0470210083263,189.9199981689453,150.8164562342184,193.00999450683594,69858300,186188100
2023-02-07,152.87257385253906,196.80999755859375,153.44590961879757,197.5,148.90866692988584,189.5500030517578,148.90866692988584,196.42999267578125,83322600,186010300
2023-02-08,150.17393493652344,201.2899932861328,152.80336635897712,203.0,149.43255491704016,194.30999755859375,152.11141469080906,196.10000610351562,64120100,180673600
2023-02-09,149.13601684570312,207.32000732421875,152.55625702775345,214.0,148.69119180013038,204.77000427246094,152.01257526831264,207.77999877929688,56007100,215431400
2023-02-10,149.50230407714844,196.88999938964844,149.8290111554016,206.1999969482422,147.73018216274517,192.88999938964844,147.9677914305051,202.22999572753906,57450700,204754100
2023-02-13,152.31393432617188,194.63999938964844,152.71982931648995,196.3000030517578,149.4131802253171,187.61000061035156,149.4428794903052,194.4199981689453,62199000,172475500
2023-02-14,151.67044067382812,209.25,152.23475701699866,209.82000732421875,149.35380697400552,189.44000244140625,150.60122163396125,191.94000244140625,61707600,216455700
2023-02-15,153.77920532226562,214.24000549316406,153.94750624944314,214.66000366210938,151.35366885602363,206.11000061035156,151.58136833321117,211.75999450683594,65573800,181006400
2023-02-16,152.17535400390625,202.0399932861328,154.76919088525318,217.64999389648438,151.8189476677602,201.83999633789062,151.97733873436857,210.77999877929688,68167900,229586500
2023-02-17,151.0269317626953,208.30999755859375,151.47243590583543,208.44000244140625,149.34390771836374,197.5,150.8289315997935,199.99000549316406,59144100,213738500
2023-02-21,146.99757385253906,197.3699951171875,149.78942626925934,209.7100067138672,146.92828058675818,197.22000122070312,148.7004026088836,204.99000549316406,58867200,180018600
2023-02-22,147.42327880859375,200.86000061035156,148.4528887502369,201.99000549316406,145.69075089528818,191.77999877929688,147.3836697109664,197.92999267578125,51011300,191828500
2023-02-23,147.90838623046875,202.07000732421875,148.83900369928494,205.13999938964844,145.76996312428713,196.3300018310547,148.59149969615066,203.91000366210938,48394200,146360000
2023-02-24,145.2452392578125,196.8800048828125,145.720442659753,197.6699981689453,144.26511807901926,192.8000030517578,145.64123957502227,196.3300018310547,55469600,142228100
2023-02-27,146.44317626953125,207.6300048828125,147.68069636554856,209.4199981689453,145.97786750491304,201.25999450683594,146.23528135301038,202.02999877929688,44998500,161028300
2023-02-28,145.93826293945312,205.7100067138672,147.59158785522064,211.22999572753906,145.36405184371336,203.75,145.58185657335414,210.58999633789062,50547000,153144900
2023-03-01,143.8592071533203,202.77000427246094,145.76003585720164,207.1999969482422,143.5621993638043,198.52000427246094,145.36403554214274,206.2100067138672,55479000,156852800
2023-03-02,144.45321655273438,190.89999389648438,145.24523225541392,193.75,142.46327502261613,186.00999450683594,142.93849350808966,186.74000549316406,52238100,181500700
2023-03-03,149.52212524414062,197.7899932861328,149.60132834219667,200.47999572753906,145.85906882111533,192.8800048828125,146.56197176838737,194.8000030517578,70732300,154193300
2023-03-06,152.29417419433594,193.80999755859375,154.73951510110595,198.60000610351562,151.92787308169673,192.3000030517578,152.25456509183923,198.5399932861328,87558000,128100100
2023-03-07,150.08642578125,187.7100067138672,152.49215731620518,194.1999969482422,149.62111707090608,186.10000610351562,152.16545023619062,191.3800048828125,56182000,148125800
2023-03-08,151.34375,182.0,151.93776567756532,186.5,150.31413994619248,180.0,151.2843514535327,185.0399932861328,47204800,151897800
2023-03-09,149.0865020751953,172.9199981689453,152.99706215582498,185.17999267578125,148.73009571987657,172.50999450683594,152.02685072996366,180.25,53833600,170023800
2023-03-10,147.01736450195312,173.44000244140625,149.43300577006005,178.2899932861328,146.13625093512175,168.44000244140625,148.7102983763868,175.1300048828125,68572400,191488900
2023-03-13,148.9677276611328,174.47999572753906,151.6110689043071,177.35000610351562,146.22537876279733,163.91000366210938,146.33428114089577,167.4600067138672,84457100,167790300
2023-03-14,151.06654357910156,183.25999450683594,151.86845415267095,183.8000030517578,148.60141331315802,177.13999938964844,149.76962498664284,177.30999755859375,73695900,143717900
2023-03-15,151.46255493164062,180.4499969482422,151.71995365613,182.33999633789062,148.42319852737018,176.02999877929688,149.68052309089944,180.8000030517578,77167900,145995600
2023-03-16,154.29397583007812,184.1300048828125,154.89788610113325,185.80999755859375,150.1260024664939,178.83999633789062,150.64081493684654,180.3699951171875,76161100,121136800
2023-03-17,153.4524688720703,180.1300048828125,155.17510202547024,186.22000122070312,152.7396561952458,177.3300018310547,154.52168788730708,184.52000427246094,98944600,133197100
2023-03-20,155.82852172851562,183.25,156.24434176719376,186.44000244140625,152.61096953502098,176.35000610351562,153.52179760346752,178.0800018310547,73641400,129684400
2023-03-21,157.68972778320312,197.5800018310547,157.80852485445894,198.0,154.9770788401289,188.0399932861328,155.74930512262205,188.27999877929688,73938300,153391400
2023-03-22,156.25424194335938,191.14999389648438,160.52120889186565,200.66000366210938,156.23443739167243,190.9499969482422,157.70956681019078,199.3000030517578,75701800,150376400
2023-03-23,157.34320068359375,192.22000122070312,159.9370522998922,199.30999755859375,156.10568095844206,188.64999389648438,157.24420816944678,195.25999450683594,67622100,144193900
2023-03-24,158.65005493164062,190.41000366210938,158.73915274100096,192.36000061035156,156.27402271003157,187.14999389648438,157.27393337455686,191.64999389648438,59196500,116312400
2023-03-27,156.69973754882812,191.80999755859375,159.1648829259014,197.38999938964844,156.2938273470206,189.94000244140625,158.34316780021032,194.4199981689453,52390300,120851600
2023-03-28,156.07601928710938,189.19000244140625,156.90764422361815,192.35000610351562,154.4226943488484,185.42999267578125,156.39283166414998,192.0,45992200,98654600
2023-03-29,159.16485595703125,193.8800048828125,159.44205919265104,195.2899932861328,157.75903523168998,189.44000244140625,157.778824672489,193.1300048828125,51305700,123660000
2023-03-30,160.73898315429688,195.27999877929688,160.8478855082498,197.3300018310547,159.65986944195512,194.4199981689453,159.9172681392784,195.5800018310547,49501700,110252200
2023-03-31,163.2536163330078,207.4600067138672,163.35262396586768,207.7899932861328,160.29347845168977,197.1999969482422,160.8181856716707,197.52999877929688,68749800,170222100
2023-04-03,164.5109405517578,194.77000427246094,164.62973762588464,202.69000244140625,162.5804125649775,192.1999969482422,162.62991638134497,199.91000366210938,56976200,169545900
2023-04-04,163.97634887695312,192.5800018310547,165.17425973324032,198.74000549316406,163.46153634610226,190.32000732421875,164.9366655701128,197.32000732421875,46278300,126463800
2023-04-05,162.12498474121094,185.52000427246094,163.40211360465116,190.67999267578125,160.18456219964705,183.75999450683594,163.0952111184354,190.52000427246094,51511700,133882500
2023-04-06,163.01602172851562,185.05999755859375,163.31302951982073,186.38999938964844,160.3825758088242,179.74000549316406,160.80827539475462,183.0800018310547,45390100,123857900
2023-04-10,160.41226196289062,184.50999450683594,160.41226196289062,185.10000610351562,158.48173413690245,176.11000061035156,159.808351708972,179.94000244140625,47716900,142154600
2023-04-11,159.19459533691406,186.7899932861328,160.73901806921322,189.19000244140625,158.90748220210756,185.64999389648438,160.72912334632053,186.69000244140625,47644200,115770900
2023-04-12,158.50157165527344,180.5399932861328,160.44199460478865,191.5800018310547,158.18475927615913,180.30999755859375,159.61038476928212,190.74000549316406,50133100,150256300
2023-04-13,163.9070281982422,185.89999389648438,164.1446374499689,186.5,159.8083630212289,180.94000244140625,160.01627300479524,182.9600067138672,68445600,112933000
2023-04-14,163.56056213378906,185.0,164.65948057952454,186.27999877929688,162.18444039601638,182.00999450683594,162.94674189589546,183.9499969482422,49386500,96438700
2023-04-17,163.58033752441406,187.0399932861328,163.73874370809605,189.69000244140625,162.39232135968928,182.69000244140625,163.4417358903036,186.32000732421875,41516200,116662200
2023-04-18,164.80796813964844,184.30999755859375,165.73858561594125,187.69000244140625,163.99614775175192,183.5800018310547,164.44166704612937,187.14999389648438,49923000,92067000
2023-04-19,165.95639038085938,180.58999633789062,166.48109766330478,183.5,163.8872454167369,177.64999389648438,164.14465925023921,179.10000610351562,47720200,125732700
2023-04-20,164.9861602783203,162.99000549316406,166.19398100625685,169.6999969482422,163.90704646438456,160.55999755859375,164.43175373561738,166.1699981689453,52456400,210970800
2023-04-21,163.3724365234375,165.0800018310547,164.78815208279067,166.0,162.8477292777316,161.32000732421875,163.40213579346278,164.8000030517578,58337300,123539000
2023-04-24,163.67935180664062,162.5500030517578,163.94666036414364,165.64999389648438,162.25372630855222,158.61000061035156,163.3526447044582,164.64999389648438,41949600,140006600
2023-04-25,162.13490295410156,160.6699981689453,164.64953661232676,163.47000122070312,162.09529385976796,158.75,163.54072367407858,159.82000732421875,48714100,121999300
2023-04-26,162.12498474121094,153.75,163.62981301273985,160.6699981689453,161.1745780165714,153.13999938964844,161.43197669065242,160.2899932861328,45498800,153364100
2023-04-27,166.72860717773438,160.19000244140625,166.87710354316513,160.47999572753906,163.54075427728802,152.3699951171875,163.54075427728802,152.63999938964844,64902300,127015200
2023-04-28,167.98590087890625,164.30999755859375,168.15421688581486,165.0,166.2038842356674,157.32000732421875,166.80779457565893,160.89999389648438,55209200,122515800
2023-05-01,167.8968048095703,161.8300018310547,168.74821914844807,163.27999877929688,166.95629265889536,158.8300018310547,167.5899022757501,163.1699981689453,52472900,109015000
2023-05-02,166.85726928710938,160.30999755859375,168.64921071415353,165.49000549316406,165.8672534099648,158.92999267578125,168.39179691797213,161.8800048828125,48425700,128259700
2023-05-03,165.77818298339844,160.61000061035156,169.21353985292495,165.0,165.4910849784499,159.91000366210938,167.80771888799373,160.00999450683594,65136000,119728000
2023-05-04,164.1347198486328,161.1999969482422,165.37223965151196,162.9499969482422,162.6695006318279,159.64999389648438,163.243711633137,162.7100067138672,81235400,95108500
2023-05-05,171.83706665039062,170.05999755859375,172.55977402605672,170.7899932861328,169.055109287866,163.50999450683594,169.27291399392053,163.97000122070312,113316400,107440900
2023-05-08,171.76776123046875,171.7899932861328,172.1142728432519,173.8000030517578,170.39163971305302,169.19000244140625,170.75794076749395,173.72000122070312,55962800,112249400
2023-05-09,170.0550537109375,169.14999389648438,171.80737116626167,169.82000732421875,169.88675280256177,166.55999755859375,171.3222729910744,168.9499969482422,45326900,88965000
2023-05-10,171.82717895507812,168.5399932861328,172.29248769554175,174.42999267578125,170.1837487273319,166.67999267578125,171.29257694818676,172.5500030517578,53724500,119840700
2023-05-11,172.01527404785156,172.0800018310547,172.84688383352895,173.57000732421875,170.4510470092042,166.7899932861328,172.11428168700377,168.6999969482422,49514700,103889900
2023-05-12,171.08338928222656,167.97999572753906,172.5605438773201,177.3800048828125,169.52690691086858,167.22999572753906,172.12433187191172,176.07000732421875,45497800,157577100
2023-05-15,170.58766174316406,166.35000610351562,171.71784028672823,169.75999450683594,169.99282456135643,164.5500030517578,171.6682680003546,167.66000366210938,37266700,105592500
2023-05-16,170.58766174316406,166.52000427246094,171.6484360603376,169.52000427246094,170.31998349861684,164.35000610351562,170.50834911043384,165.64999389648438,42110300,98288800
2023-05-17,171.2023162841797,173.86000061035156,171.44023905579192,174.5,168.9518675962068,167.19000244140625,170.23076300297444,168.41000366210938,57951600,125473600
2023-05-18,173.5419921875,176.88999938964844,173.73035780662187,177.05999755859375,171.09326939359272,172.4499969482422,171.50964938607018,174.22000122070312,65496700,109520300
2023-05-19,173.65106201171875,180.13999938964844,174.8704617599002,181.9499969482422,173.43295602393476,176.30999755859375,174.8704617599002,177.1699981689453,55772400,136024200
2023-05-22,172.6992950439453,188.8699951171875,173.20491116640216,189.32000732421875,171.9557561601792,180.11000061035156,172.48118909452026,180.6999969482422,43570900,132001400
2023-05-23,170.08206176757812,185.77000427246094,171.88639029719062,192.9600067138672,169.80447509030535,185.25999450683594,171.6385439691014,186.1999969482422,50747300,156952100
2023-05-24,170.35964965820312,182.89999389648438,170.93465495874622,184.22000122070312,169.0510289027881,178.22000122070312,169.61611066863975,182.22999572753906,45143500,137605100
2023-05-25,171.49977111816406,184.47000122070312,172.40192036340346,186.77999877929688,170.21096703266915,180.5800018310547,170.92476575302507,186.5399932861328,56058300,96870700
2023-05-26,173.918701171875,193.1699981689453,174.25578364207266,198.60000610351562,171.6186953371014,184.52999877929688,171.82689288847826,184.6199951171875,54835000,162061500
2023-05-30,175.77259826660156,201.16000366210938,177.44804166812344,204.47999572753906,175.0488913092159,197.52999877929688,175.43553093054112,200.10000610351562,55964400,128818700
2023-05-31,175.72305297851562,203.92999267578125,177.80496826079084,203.9499969482422,175.23726871202743,195.1199951171875,175.80236562165695,199.77999877929688,99625300,150711700
2023-06-01,178.53857421875,207.52000427246094,178.56831456742498,209.8000030517578,175.4057930547119,199.3699951171875,176.16916396782793,202.58999633789062,68901800,148029900
2023-06-02,179.3911590576172,213.97000122070312,180.21401063542314,217.25,177.7157155545107,209.75,179.47047169338217,210.14999389648438,61945900,164129000
2023-06-05,178.032958984375,217.61000061035156,183.35669275593358,221.2899932861328,176.50621727974132,214.52000427246094,181.05668691999816,217.8000030517578,121946500,151143100
2023-06-06,177.6661834716797,221.30999755859375,178.56833268525313,221.91000366210938,175.9015035496613,212.52999877929688,178.41963092679066,216.13999938964844,64848400,146911600
2023-06-07,176.28814697265625,224.57000732421875,179.64894264257165,230.8300018310547,175.79245430672572,223.1999969482422,176.90280103766142,228.0,61944600,185710800
2023-06-08,179.0144805908203,234.86000061035156,179.2821437745567,235.22999572753906,175.9312711910467,223.00999450683594,176.36746808847172,224.22000122070312,50214900,164489700
2023-06-09,179.40110778808594,244.39999389648438,180.66015634842165,252.4199981689453,179.0739487923587,242.02000427246094,179.93644924551378,249.07000732421875,48870700,199882300
2023-06-12,182.20669555664062,249.8300018310547,182.30584013644759,250.97000122070312,179.4109969086846,244.58999633789062,179.70841552076647,247.94000244140625,54274900,150337900
2023-06-13,181.73085021972656,258.7099914550781,182.56361030209754,259.67999267578125,180.86834978636662,251.33999633789062,181.22524912557424,253.50999450683594,54929100,162384300
2023-06-14,182.36532592773438,256.7900085449219,182.8015378873281,261.57000732421875,180.45195952819037,250.5,181.79032062893717,260.1700134277344,57462900,170575500
2023-06-15,184.40757751464844,255.89999389648438,184.91319370821412,258.95001220703125,182.19679249165128,247.2899932861328,182.37524971506843,248.39999389648438,65433200,160171200
2023-06-16,183.3269500732422,260.5400085449219,185.37912470625074,263.6000061035156,182.68255574170084,257.2099914550781,185.12135487176403,258.9200134277344,101235600,167563700
2023-06-20,183.41619873046875,274.45001220703125,184.4968202621219,274.75,182.82137659501507,261.1199951171875,182.82137659501507,261.5,49799100,165611200
2023-06-21,182.37525939941406,259.4599914550781,183.8127651610623,276.989990234375,181.01705115534045,257.7799987792969,183.30714894064778,275.1300048828125,49515700,211797100
2023-06-22,185.38906860351562,264.6099853515625,185.43864089866383,265.0,182.08775342754114,248.25,182.15715766621673,250.77000427246094,51245300,166875900
2023-06-23,185.07180786132812,256.6000061035156,185.94423180057566,262.45001220703125,183.41619616013958,252.8000030517578,183.95155271461957,259.2900085449219,53079300,176584100
2023-06-26,183.6739501953125,241.0500030517578,186.42999999051133,258.3699951171875,183.63428631385352,240.6999969482422,185.2205087707664,250.07000732421875,48088700,179990600
2023-06-27,186.43992614746094,250.2100067138672,186.767085127622,250.38999938964844,184.07051577054278,240.85000610351562,184.28862175731683,243.24000549316406,50730800,164968200
2023-06-28,187.61968994140625,256.239990234375,188.2640844107442,259.8800048828125,185.9839100562617,248.88999938964844,186.31105393141783,249.6999969482422,51216800,159770800
2023-06-29,187.95672607421875,257.5,188.43260188630063,260.739990234375,187.3123317121149,253.61000061035156,187.4511250421375,258.0299987792969,46347300,131283400
2023-06-30,192.29901123046875,261.7699890136719,192.8046122965116,264.45001220703125,189.61235036422667,259.8900146484375,189.9791732182635,260.6000061035156,85069600,112267600
2023-07-03,190.80201721191406,279.82000732421875,192.20978249103928,284.25,190.10803541561756,275.1099853515625,192.11063791232868,276.489990234375,31458200,119685900
2023-07-05,189.6817626953125,282.4800109863281,191.31754248795588,283.8500061035156,188.97787243386384,277.6000061035156,189.91970062749374,278.82000732421875,46920300,131530900
2023-07-06,190.15762329101562,276.5400085449219,190.365820872437,279.9700012207031,187.57010689891024,272.8800048828125,188.204592923582,278.0899963378906,45094300,120332100
2023-07-07,189.03736877441406,274.42999267578125,191.01023124936708,280.7799987792969,188.60117188700468,273.7699890136719,189.76109103858747,278.42999267578125,46778000,113602000
2023-07-10,186.9851837158203,269.6099853515625,188.3533002828443,277.5199890136719,185.42870151973196,265.1000061035156,187.62957811566648,276.4700012207031,59922200,119425400
2023-07-11,186.4597625732422,269.7900085449219,187.66925393721883,270.8999938964844,184.99251645839882,266.3699951171875,187.53046059023825,268.6499938964844,46638100,91972400
2023-07-12,188.1351776123047,271.989990234375,190.04854382758512,276.5199890136719,186.84637379962285,271.4599914550781,188.04594144564376,276.3299865722656,60750200,95672100
2023-07-13,188.89854431152344,277.8999938964844,189.54295381895912,279.45001220703125,188.1450969456968,270.6000061035156,188.85889555641208,274.5899963378906,41342300,112681500
2023-07-14,189.0472869873047,281.3800048828125,189.53305615859267,285.29998779296875,187.99642086899894,276.30999755859375,188.59124304090398,277.010009765625,41573900,119771100
2023-07-17,192.31886291503906,290.3800048828125,192.6460219186536,292.2300109863281,190.1576348349816,283.57000732421875,190.24685589214712,286.6300048828125,50520200,131569600
2023-07-18,192.0610809326172,293.3399963378906,192.65591819761897,295.260009765625,190.76236853561463,286.010009765625,191.6843647836334,290.1499938964844,48353800,112434700
2023-07-19,193.41928100585938,291.260009765625,196.52230675519328,299.2900085449219,190.99037488225764,289.5199890136719,191.4365103758755,296.0400085449219,80507300,142355400
2023-07-20,191.4662628173828,262.8999938964844,194.77748634801802,280.92999267578125,190.84168518874347,261.20001220703125,193.40936968617578,279.55999755859375,59581200,175158300
2023-07-21,190.28648376464844,260.0199890136719,193.29037980606682,268.0,189.58259359421706,255.8000030517578,192.42787949536395,268.0,71917800,161050100
2023-07-24,191.08950805664062,269.05999755859375,193.2309038397432,269.8500061035156,190.59381542873754,254.1199951171875,191.74382595603396,255.85000610351562,45377800,136508500
2023-07-25,191.95201110839844,265.2799987792969,192.76495429080137,272.8999938964844,191.25804444496833,265.0,191.6645160361698,272.3800048828125,37283200,112757300
2023-07-26,192.8244171142578,264.3500061035156,193.95459561204478,268.0400085449219,191.65458986538061,261.75,192.0015656012661,263.25,47471900,95856200
2023-07-27,191.5554962158203,255.7100067138672,195.5012060373142,269.1300048828125,190.89126978529973,255.3000030517578,194.33137847747412,268.30999755859375,47460200,103697300
2023-07-28,194.1429901123047,266.44000244140625,194.9361013981904,267.25,192.46754649179775,258.2300109863281,192.99297950413737,259.8599853515625,48291400,111446000
2023-07-31,194.7576446533203,267.42999267578125,194.7973085377491,269.0799865722656,193.57789369266726,263.7799987792969,194.37100498050742,267.4800109863281,38824100,84582200
2023-08-01,193.9248809814453,261.07000732421875,195.0352276872512,266.4700012207031,193.59772201405482,260.25,194.54945856713078,266.260009765625,35175100,83166000
2023-08-02,190.92098999023438,254.11000061035156,193.4985827896997,259.5199890136719,190.1972829299724,250.49000549316406,193.3597894476311,255.57000732421875,50389300,101752900
2023-08-03,189.52313232421875,259.32000732421875,190.71279169853844,260.489990234375,189.04727159995883,252.0,189.91969553388512,252.0399932861328,61235200,97569100
2023-08-04,180.42222595214844,253.86000061035156,185.76579240309633,264.7699890136719,180.35282171627148,253.11000061035156,183.92181504025928,260.9700012207031,115799700,99242600
2023-08-07,177.3092803955078,251.4499969482422,181.5524085909385,253.64999389648438,175.82220233279125,242.75999450683594,180.56102321579414,251.4499969482422,97576100,111097900
2023-08-08,178.25108337402344,249.6999969482422,178.71703568412062,250.9199981689453,176.05020675575068,245.00999450683594,178.14203038384454,247.4499969482422,67823000,96642200
2023-08-09,176.65496826171875,242.19000244140625,179.37135459798415,251.10000610351562,175.48512561412892,241.89999389648438,179.3118738938821,250.8699951171875,60378500,101596300
2023-08-10,176.43685913085938,245.33999633789062,179.1929093058464,251.8000030517578,176.07005137717866,243.0,177.93384562444598,245.39999389648438,54686900,109498600
2023-08-11,176.49639892578125,242.64999389648438,177.32036168980022,243.7899932861328,175.26543082107975,238.02000427246094,176.02983256684112,241.77000427246094,51988100,98866600
2023-08-14,178.15428161621094,239.75999450683594,178.38260392804418,240.66000366210938,176.01991561712387,233.75,176.67511718788185,235.6999969482422,43675600,98595300
2023-08-15,176.15887451171875,232.9600067138672,178.174103062697,240.5,175.76179096239193,232.61000061035156,177.57847773870674,238.72999572753906,43622600,88197600
2023-08-16,175.28529357910156,225.60000610351562,177.24094603057796,233.97000122070312,175.2157956243564,225.3800048828125,175.84121662599503,228.02000427246094,46964900,112484500
2023-08-17,172.73399353027344,219.22000122070312,176.218449670705,226.74000549316406,172.21777275650916,218.8300018310547,175.85114660071363,226.05999755859375,66062900,120718400
2023-08-18,173.22042846679688,215.49000549316406,173.82599075554495,217.5800018310547,170.70883778094841,212.36000061035156,171.04636032936088,214.1199951171875,61114200,135813700
2023-08-21,174.5605926513672,231.27999877929688,174.84849110751958,232.1300048828125,172.47588124297116,220.5800018310547,173.79620604217206,221.5500030517578,46311900,135702700
2023-08-22,175.9404754638672,233.19000244140625,176.38719824747957,240.82000732421875,174.96761015656983,229.5500030517578,175.77171419662545,240.25,42084200,130597900
2023-08-23,179.8021697998047,236.86000061035156,180.22904900558675,238.97999572753906,177.03247644679308,229.2899932861328,177.2210964343875,229.33999633789062,52722800,101077600
2023-08-24,175.0966796875,230.0399932861328,179.78233860000068,238.9199981689453,174.72936147404116,228.17999267578125,179.355459364837,238.66000366210938,54945800,99777400
2023-08-25,177.31045532226562,238.58999633789062,177.84651968096887,239.0,174.54076169805765,230.35000610351562,176.08940889849805,231.30999755859375,51449600,106612200
2023-08-28,178.87896728515625,238.82000732421875,179.27605088665493,244.3800048828125,177.25090028258217,235.35000610351562,178.77968881089737,242.5800018310547,43820700,107673700
2023-08-29,182.78036499023438,257.17999267578125,183.55468861261488,257.4800109863281,178.19398428109324,237.77000427246094,178.3925260808221,238.5800018310547,53003900,134047600
2023-08-30,186.28468322753906,256.8999938964844,186.48324017846022,260.510009765625,183.39586742396716,250.58999633789062,183.59440922711968,254.1999969482422,60813900,121988400
2023-08-31,186.5030517578125,258.0799865722656,187.7439567493299,261.17999267578125,186.1158900063697,255.0500030517578,186.47327124983738,255.97999572753906,60794500,108861700
2023-09-01,188.0814971923828,245.00999450683594,188.538141753245,259.0799865722656,186.91007498628073,242.00999450683594,188.11127770079705,257.260009765625,45732600,132272500
2023-09-05,188.3197479248047,256.489990234375,188.5977094450193,258.0,186.24495831042893,244.86000061035156,186.91008160149724,245.0,45280000,129469600
2023-09-06,181.57916259765625,251.9199981689453,187.47594597496703,255.38999938964844,180.14963751857883,245.05999755859375,187.02920802693,255.13999938964844,81755800,116959800
2023-09-07,176.26808166503906,251.49000549316406,176.91336139268128,252.80999755859375,172.27732670257566,243.27000427246094,173.90539355501954,245.07000732421875,112488800,115312900
2023-09-08,176.88357543945312,248.5,178.9285998393183,256.5199890136719,176.4964136407334,246.6699981689453,177.05235186894313,251.22000122070312,65551300,118367700
2023-09-11,178.05499267578125,273.5799865722656,178.98815574028976,274.8500061035156,176.04968578063105,260.6099853515625,178.75983344187836,264.2699890136719,58953100,174667900
2023-09-12,175.0172576904297,267.4800109863281,178.81939272059032,278.3900146484375,173.5480302988034,266.6000061035156,178.18404991763566,270.760009765625,90370200,135999900
2023-09-13,172.94248962402344,271.29998779296875,176.0100037679247,274.9800109863281,172.71415215152797,268.1000061035156,175.22574316682477,270.07000732421875,84267900,111673700
2023-09-14,174.46133422851562,276.0400085449219,174.81871550108795,276.7099914550781,172.3170465930817,270.4200134277344,172.73398888645488,271.32000732421875,60895800,107709800
2023-09-15,173.73663330078125,274.3900146484375,175.2157976120051,278.9800109863281,172.55530438661506,271.0,175.1959388893145,277.54998779296875,109205100,133422800
2023-09-18,176.67510986328125,265.2799987792969,178.07485448429676,271.44000244140625,174.8882034479176,263.760009765625,175.19594549627539,271.1600036621094,67257600,101543300
2023-09-19,177.76712036132812,266.5,178.3230434602776,267.8500061035156,175.84123309156146,261.20001220703125,176.22839490317045,264.3500061035156,51826900,103704000
2023-09-20,174.21316528320312,262.5899963378906,178.39252544188162,273.92999267578125,174.12380859804207,262.4599914550781,177.95572439538154,267.0400085449219,58436200,122514600
2023-09-21,172.6645050048828,255.6999969482422,175.01727155266988,260.8599853515625,172.59502219087378,254.2100067138672,173.28000428145347,257.8500061035156,63047900,119531000
2023-09-22,173.5182342529297,244.8800048828125,175.79158086544706,257.7900085449219,172.7836281326413,244.47999572753906,173.39911221131908,257.3999938964844,56725400,127524100
2023-09-25,174.79885864257812,246.99000549316406,175.6823824720043,247.10000610351562,172.88289328236814,238.30999755859375,172.93253251615403,243.3800048828125,46172700,104636600
2023-09-26,170.70884704589844,244.1199951171875,173.92526351342306,249.5500030517578,170.4110267791137,241.66000366210938,173.54803864674588,242.97999572753906,64588900,101993600
2023-09-27,169.18995666503906,240.5,171.78096710415326,245.3300018310547,167.8200077433672,234.5800018310547,171.36402481079512,244.25999450683594,66921800,136597200
2023-09-28,169.4480743408203,246.3800048828125,170.77832096236608,247.5500030517578,166.40040416763804,238.64999389648438,168.1078907839796,240.02000427246094,56294400,117058900
2023-09-29,169.9642791748047,250.22000122070312,171.81074638236362,254.77000427246094,169.10059901226265,246.35000610351562,170.7683831744606,250.0,51814200,128346200
2023-10-02,172.4857940673828,251.60000610351562,173.03179529398386,254.27999877929688,169.6863051315917,242.6199951171875,169.9742035727841,244.80999755859375,52164500,123810400
2023-10-03,171.14561462402344,246.52999877929688,172.36667607241205,250.02000427246094,169.5771240058018,244.4499969482422,171.0066338674304,248.61000061035156,49594600,101985300
2023-10-04,172.39645385742188,261.1600036621094,172.9424550881848,261.8599853515625,169.72602386786275,247.60000610351562,169.84514590084152,248.13999938964844,53020300,129721600
2023-10-05,173.63734436035156,260.04998779296875,174.1734086117574,263.6000061035156,171.42355911392025,256.25,172.52548327025463,260.0,48527900,119159200
2023-10-06,176.19862365722656,260.5299987792969,176.69498575707453,261.6499938964844,171.91996963241104,250.64999389648438,172.53546893670554,253.97999572753906,57224100,117947000
2023-10-09,177.6876983642578,259.6700134277344,177.7472593887107,261.3599853515625,174.52090595018925,252.0500030517578,175.52355187327169,255.30999755859375,42390800,101377900
2023-10-10,177.09205627441406,263.6199951171875,178.4123811800482,268.94000244140625,176.65525523522464,257.6499938964844,176.8041729428218,257.75,43698000,122656000
2023-10-11,178.49179077148438,262.989990234375,178.54143000452555,268.6000061035156,176.30780084757703,260.8999938964844,176.90342620076967,266.20001220703125,47551100,103706300
2023-10-12,179.39517211914062,258.8699951171875,181.01330204161414,265.4100036621094,177.73730960362397,256.6300048828125,178.75982932462722,262.9200134277344,56743100,111508100
2023-10-13,177.54872131347656,251.1199951171875,180.60629838312414,259.6000061035156,176.84388049788197,250.22000122070312,180.10001451689263,258.8999938964844,51427100,102073800
2023-10-16,177.41966247558594,253.9199981689453,177.77704377786506,255.39999389648438,175.22573542452864,248.47999572753906,175.4639946753042,250.0500030517578,52517000,88917200
2023-10-17,175.86105346679688,254.85000610351562,177.12181720914745,257.17999267578125,173.52816111664285,247.0800018310547,175.3646914585386,250.10000610351562,57549400,93562900
2023-10-18,174.5605926513672,242.67999267578125,176.28793794498117,254.6300048828125,173.83590833900334,242.0800018310547,174.30248985254676,252.6999969482422,54764400,125147800
2023-10-19,174.18338012695312,220.11000061035156,176.54605322348112,230.61000061035156,173.91534037415258,216.77999877929688,174.75914678442408,225.9499969482422,59302900,170772700
2023-10-20,171.6221466064453,211.99000549316406,174.14365914589465,218.86000061035156,171.38388737014972,210.4199981689453,174.03445888939677,217.00999450683594,64189300,137734000
2023-10-23,171.74127197265625,212.0800018310547,172.7439178760632,216.97999572753906,168.69360166729962,202.50999450683594,169.66648220683237,210.0,55980100,150683400
2023-10-24,172.17808532714844,216.52000427246094,172.40640764866407,222.0500030517578,170.20255874285166,214.11000061035156,171.79092350033105,216.5,43816600,118231100
2023-10-25,169.8551025390625,212.4199981689453,171.80083332633419,220.10000610351562,169.4083645680371,212.1999969482422,170.62942613878033,215.8800048828125,57157000,107065100
2023-10-26,165.6757354736328,205.75999450683594,170.1330724325947,214.8000030517578,164.46461077917579,204.8800048828125,169.13041133026712,211.32000732421875,70625300,115112600
2023-10-27,166.99603271484375,207.3000030517578,167.73065392902063,212.41000366210938,165.61614695891157,205.77000427246094,165.69556669674958,210.60000610351562,58499100,94881200
2023-10-30,169.05096435546875,197.36000061035156,169.92456632823416,210.8800048828125,167.6412980843576,194.6699981689453,167.79021577395145,209.27999877929688,51131000,136448200
2023-10-31,169.52749633789062,200.83999633789062,169.6565401685357,202.8000030517578,166.67836791176023,194.07000732421875,168.11782995408234,196.1199951171875,44846000,118068300
2023-11-01,172.7042236328125,205.66000366210938,172.96232646167283,205.99000549316406,168.88222955093784,197.85000610351562,169.75583166057058,204.0399932861328,56934900,121661700
2023-11-02,176.2780303955078,218.50999450683594,176.4864939793014,219.1999969482422,174.18338188289627,211.4499969482422,174.2429429068373,212.97000122070312,77334800,125987600
2023-11-03,175.3647003173828,219.9600067138672,175.53347673875106,226.3699951171875,172.08872301559984,218.39999389648438,172.97224682902157,221.14999389648438,79763700,119281000
2023-11-06,177.9259033203125,219.27000427246094,178.12444507406778,226.32000732421875,174.92788799874864,215.0,175.09664924682886,223.97999572753906,63841300,117335800
2023-11-07,180.49710083007812,222.17999267578125,181.1125849169399,223.1199951171875,177.66783112206795,215.72000122070312,177.87629469765844,219.97999572753906,70530000,116900100
2023-11-08,181.55931091308594,222.11000061035156,182.11523398810698,224.14999389648438,180.26876654734838,217.63999938964844,181.023246561535,223.14999389648438,49340300,106584800
2023-11-09,181.08279418945312,209.97999572753906,182.78034380026955,220.8000030517578,180.48715371155149,206.67999267578125,181.62879543623518,219.75,53763500,142110500
2023-11-10,185.2875518798828,214.64999389648438,185.4565506612299,215.3800048828125,182.43468499907056,205.69000244140625,182.87206148972973,210.02999877929688,66133400,130994000
2023-11-13,183.6970977783203,223.7100067138672,184.9197527658604,225.39999389648438,183.1106225987718,211.61000061035156,184.71101456121173,215.60000610351562,43627500,140447600
2023-11-14,186.32135009765625,237.41000366210938,186.987349680322,238.13999938964844,185.18815428767326,230.72000122070312,186.579792942837,235.02999877929688,60108400,149771600
2023-11-15,186.88795471191406,242.83999633789062,188.3690678828249,246.6999969482422,186.65933159416437,236.4499969482422,186.72892111610665,239.2899932861328,53790500,150354000
2023-11-16,188.5778045654297,233.58999633789062,189.82034448090351,240.8800048828125,187.52411797622008,230.9600067138672,188.43864070160558,239.49000549316406,54412900,136816800
2023-11-17,188.55792236328125,234.3000030517578,189.24380683321974,237.38999938964844,187.44461143684416,226.5399932861328,189.11457782649978,232.0,50922700,142532800
2023-11-20,190.30740356445312,235.60000610351562,190.76466491067268,237.10000610351562,188.7467813740569,231.02000427246094,188.75671623264228,234.0399932861328,46505100,116320100
2023-11-21,189.5022430419922,241.1999969482422,190.37699597796984,243.6199951171875,188.60762038854105,233.33999633789062,190.26765186097265,235.0399932861328,38134500,122288000
2023-11-22,190.16822814941406,234.2100067138672,191.77855487032625,244.00999450683594,189.69109711501824,231.39999389648438,190.3471617671388,242.0399932861328,39617700,117950600
2023-11-24,188.83624267578125,235.4499969482422,189.76068506922263,238.75,188.1205384889839,232.3300018310547,189.73086532541635,233.75,24048300,65125200
2023-11-27,188.65731811523438,236.0800018310547,189.53207108953595,238.3300018310547,187.77263028176083,232.10000610351562,188.78654712309,236.88999938964844,40552600,112031800
2023-11-28,189.263671875,246.72000122070312,189.9396214691522,247.0,188.26963995303524,234.00999450683594,188.64737693705334,236.67999267578125,38415400,148549900
2023-11-29,188.2398223876953,244.13999938964844,190.9435904601538,252.75,187.84221568139642,242.75999450683594,189.76069003248776,249.2100067138672,43014200,135401300
2023-11-30,188.81637573242188,240.0800018310547,189.1841778871875,245.22000122070312,187.06688486941184,236.91000366210938,188.70703160550096,245.13999938964844,48794400,132353200
2023-12-01,190.09864807128906,238.8300018310547,190.41673036204645,240.19000244140625,188.10063443355645,231.89999389648438,189.19407548742612,233.13999938964844,45679300,121173500
2023-12-04,188.29946899414062,235.5800018310547,188.91577913023963,239.3699951171875,186.33128993843854,233.2899932861328,188.84618961175903,235.75,43389500,104099800
2023-12-05,192.26565551757812,238.72000122070312,193.23980256929687,246.66000366210938,189.0449865799245,233.6999969482422,189.07482149235318,233.8699951171875,66628400,137971100
2023-12-06,191.17222595214844,239.3699951171875,193.5976510937421,246.57000732421875,190.9634725753497,239.1699981689453,193.28950362567244,242.9199981689453,41089700,126436200
2023-12-07,193.11058044433594,242.63999938964844,193.8362194805571,244.0800018310547,192.43463086867496,236.97999572753906,192.4744006383907,241.5500030517578,47477700,107142300
2023-12-08,194.5419921875,243.83999633789062,194.8203199094653,245.27000427246094,192.5141585929263,239.27000427246094,193.04099429291227,240.27000427246094,53377300,102980100
2023-12-11,192.02708435058594,239.74000549316406,192.33524699521988,243.44000244140625,190.27759358324766,237.4499969482422,191.9575100014726,242.74000549316406,60943700,97913900
2023-12-12,193.5479736328125,237.00999450683594,193.5579084922386,238.99000549316406,190.5758125501861,233.8699951171875,191.92769665062553,238.5500030517578,52696900,95328300
2023-12-13,196.77854919433594,239.2899932861328,196.81830379403195,240.3000030517578,193.68710957348847,228.1999969482422,193.92566750710878,234.19000244140625,70404200,146286300
2023-12-14,196.9276580810547,251.0500030517578,198.42864077264184,253.8800048828125,194.98929893159502,240.7899932861328,196.83819885132337,241.22000122070312,66831600,160829200
2023-12-15,196.39089965820312,253.5,197.2159328291742,254.1300048828125,195.82429416614897,248.3000030517578,196.3511298862745,251.2100067138672,128256700,135720800
2023-12-18,194.7209014892578,252.0800018310547,195.45649052996882,258.739990234375,193.2298536912898,251.36000061035156,194.9197048287757,253.77999877929688,55751900,116416500
2023-12-19,195.76466369628906,257.2200012207031,195.77459855586707,258.3399963378906,194.72092706706565,253.00999450683594,194.98931995291727,253.47999572753906,40714100,106737400
2023-12-20,193.66725158691406,247.13999938964844,196.50023361616374,259.8399963378906,193.66725158691406,247.0,195.72488988877126,256.4100036621094,52242800,125097000
2023-12-21,193.5181121826172,254.5,195.90379770975298,254.8000030517578,192.34516188676014,248.5500030517578,194.9296507492267,251.89999389648438,46482500,109594200
2023-12-22,192.444580078125,252.5399932861328,194.24377537319003,258.2200012207031,191.81833513340536,251.3699951171875,194.01513711760236,256.760009765625,37122800,93249800
2023-12-26,191.89788818359375,256.6099853515625,192.7328714561915,257.9700012207031,191.6791999215717,252.91000366210938,192.4545436986589,254.49000549316406,28919300,86892400
2023-12-27,191.9972686767578,261.44000244140625,192.34518593287333,263.3399963378906,189.94956524818429,257.5199890136719,191.34121910492223,258.3500061035156,48087700,106494400
2023-12-28,192.42471313476562,253.17999267578125,193.4982694967864,265.1300048828125,192.01715638138543,252.7100067138672,192.98136861854135,263.6600036621094,34049900,113619900
2023-12-29,191.38096618652344,248.47999572753906,193.23980104114617,255.19000244140625,190.58573760932344,247.42999267578125,192.7427850763616,255.10000610351562,42628800,100615300
2024-01-02,184.53208923339844,248.4199981689453,187.31538170646215,251.25,182.79253333369908,244.41000366210938,186.03307200647276,250.0800018310547,82488700,104654200
2024-01-03,183.150390625,238.4499969482422,184.77066759112085,245.67999267578125,182.3352771284137,236.32000732421875,183.1205708792931,244.97999572753906,58414500,121082600
2024-01-04,180.82437133789062,237.92999267578125,181.99732186004985,242.6999969482422,179.80051955406512,237.72999572753906,181.06292931922462,239.25,71983600,102629300
2024-01-05,180.09869384765625,237.49000549316406,181.6692660827433,240.1199951171875,179.09472708075188,234.89999389648438,180.90387243418792,236.86000061035156,62303300,92379400
2024-01-08,184.4525604248047,240.4499969482422,184.49233019548157,241.25,180.41679326133186,235.3000030517578,181.0032684531674,236.13999938964844,59144500,85166600
2024-01-09,184.03506469726562,234.9600067138672,184.04499955584959,238.9600067138672,181.63944418662982,232.0399932861328,182.82234457021028,238.11000061035156,42841800,96705700
2024-01-10,185.0788116455078,233.94000244140625,185.2875498615879,235.5,182.82235486658107,231.2899932861328,183.24979649333252,235.10000610351562,46792900,91628500
2024-01-11,184.48236083984375,227.22000122070312,185.93365396302406,230.92999267578125,182.52411695157394,225.3699951171875,185.4266880302128,230.57000732421875,49128400,105873600
2024-01-12,184.81039428710938,218.88999938964844,185.62550766060176,225.33999633789062,184.08475530494994,217.14999389648438,184.94955813530052,220.0800018310547,40444700,122889000
2024-01-16,182.53408813476562,219.91000366210938,183.16031793652851,223.49000549316406,179.85018978995151,212.17999267578125,181.07285998444632,215.10000610351562,65603000,115355000
2024-01-17,181.58973693847656,215.5500030517578,181.83824490899738,215.6699981689453,179.22395137316974,212.00999450683594,180.18816351220838,214.86000061035156,47317400,103164400
2024-01-18,187.50425720214844,211.8800048828125,188.01120805146246,217.4499969482422,184.72096462518135,208.74000549316406,184.97940747954695,216.8800048828125,78005800,108595400
2024-01-19,190.416748046875,212.19000244140625,190.80441988057507,213.19000244140625,187.69311035236996,207.55999755859375,188.2000611602168,209.99000549316406,68741000,102095800
2024-01-22,192.73284912109375,208.8000030517578,194.16425751836653,217.8000030517578,191.11257223144145,206.27000427246094,191.15234200232317,212.25999450683594,60133900,117952500
2024-01-23,194.01513671875,209.13999938964844,194.58174217570732,215.64999389648438,192.6732027698961,207.75,193.8561031440579,211.3000030517578,42355600,106605900
2024-01-24,193.33920288085938,207.8300018310547,195.20798769039715,212.72999572753906,193.18015413797895,206.77000427246094,194.25371040083746,211.8800048828125,53631300,123369900
2024-01-25,193.01116943359375,182.6300048828125,195.0986424607324,193.0,191.95749806154728,180.05999755859375,194.0549059471631,189.6999969482422,54822100,198076800
2024-01-26,191.27162170410156,183.25,193.59765277461963,186.77999877929688,190.79449062577763,182.10000610351562,193.11058683739938,185.5,44594000,107343200
2024-01-29,190.5857391357422,190.92999267578125,191.05293535979936,191.47999572753906,188.44857653714126,183.6699981689453,190.8640668648328,185.6300048828125,47145600,125013100
2024-01-30,186.9177703857422,191.58999633789062,190.6553404086777,196.36000061035156,186.35118003362723,190.61000061035156,189.80047228297695,195.3300018310547,55859400,109982300
2024-01-31,183.2994842529297,187.2899932861328,185.98338263365994,193.97000122070312,183.24979478995033,185.85000610351562,185.92372797618197,187.0,55467800,103221400
2024-02-01,185.74481201171875,188.86000061035156,185.83427124755644,189.8800048828125,182.72296153753896,184.27999877929688,182.8919451500293,188.5,64885400,91843300
2024-02-02,184.74082946777344,187.91000366210938,186.21199239128737,188.69000244140625,178.1802130458578,182.0,178.78657309445222,185.0399932861328,102518000,110505100
2024-02-05,186.55990600585938,181.05999755859375,188.120543422021,184.67999267578125,184.73089088840356,175.00999450683594,187.02710222804,184.25999450683594,69668800,134294400
2024-02-06,188.1702423095703,185.10000610351562,188.180177168222,186.49000549316406,185.65534280788862,177.11000061035156,185.74480203892318,177.2100067138672,43490800,122676000
2024-02-07,188.27960205078125,187.5800018310547,189.9098139006124,189.7899932861328,187.48437342868021,182.67999267578125,189.5022571462235,188.17999267578125,53439000,111535200
2024-02-08,187.1960906982422,189.55999755859375,188.40879563608698,191.6199951171875,186.23187856237746,185.5800018310547,188.2596969213544,189.0,40962000,83034000
2024-02-09,187.96246337890625,193.57000732421875,189.09710508715864,194.1199951171875,187.11645206865865,189.47999572753906,187.76339117385248,190.17999267578125,45155200,84476300
2024-02-12,186.2704620361328,188.1300048828125,187.78332288230948,194.72999572753906,185.91215328801408,187.27999877929688,187.53449778464588,192.11000061035156,41781900,95498600
2024-02-13,184.1703643798828,184.02000427246094,185.33487911795885,187.25999450683594,182.64755610649428,182.11000061035156,184.89694454758455,183.99000549316406,56529500,86759500
2024-02-14,183.2845458984375,188.7100067138672,184.65806518525375,188.88999938964844,181.58259087415234,183.35000610351562,184.44906062504626,185.3000030517578,54630500,81203000
2024-02-15,182.9959259033203,200.4499969482422,183.62296999377594,200.8800048828125,180.4977274519665,188.86000061035156,182.68738521978767,189.16000366210938,65434500,120831800
2024-02-16,181.45318603515625,199.9499969482422,183.981257173353,203.1699981689453,180.81619448303394,197.39999389648438,182.5579699194549,202.05999755859375,49701400,111173600
2024-02-20,180.70672607421875,193.75999450683594,181.5726325042779,198.60000610351562,179.15405998428736,189.1300048828125,180.93564089848354,196.1300048828125,53665600,104545800
2024-02-21,181.4631805419922,194.77000427246094,182.03049388623003,199.44000244140625,179.81097819372195,191.9499969482422,181.08496152111414,193.36000061035156,41529700,103844000
